id,category,input,error,expected,start,end,token_class,prefilter_reason,candidate_pool_size,gold_in_pool,gold_pool_rank,shortlist_size,gold_in_shortlist,gold_shortlist_rank,selected_word,selected_probability,keep_probability,final_emitted,final_correct,failure_stage
sms-real-041,ALL_UNACCENTED,Ma xac thuc chi co hieu luc trong nam phut.,Ma,Mã,0,2,UNACCENTED_VALID,attention-threshold,6,true,2,6,true,2,mà,0.20378096401691437,0.10616641491651535,false,false,MODEL_WRONG_CANDIDATE
sms-real-041,ALL_UNACCENTED,Ma xac thuc chi co hieu luc trong nam phut.,xac,xác,3,6,UNACCENTED_VALID,attention-threshold,4,true,1,4,true,1,xạc,0.30420857667922974,0.14128531515598297,false,false,MODEL_WRONG_CANDIDATE
sms-real-041,ALL_UNACCENTED,Ma xac thuc chi co hieu luc trong nam phut.,thuc,thực,7,11,UNACCENTED_VALID,attention-threshold,5,true,1,5,true,1,thức,0.3671862781047821,0.02358253113925457,false,false,MODEL_WRONG_CANDIDATE
sms-real-041,ALL_UNACCENTED,Ma xac thuc chi co hieu luc trong nam phut.,chi,chỉ,12,15,UNACCENTED_VALID,attention-threshold,4,true,1,4,true,1,chí,0.3140368163585663,0.2888316810131073,false,false,MODEL_WRONG_CANDIDATE
sms-real-041,ALL_UNACCENTED,Ma xac thuc chi co hieu luc trong nam phut.,co,có,16,18,UNACCENTED_VALID,attention-threshold,11,true,1,8,true,1,cơ,0.2615787386894226,0.17425547540187836,false,false,MODEL_WRONG_CANDIDATE
sms-real-041,ALL_UNACCENTED,Ma xac thuc chi co hieu luc trong nam phut.,hieu,hiệu,19,23,UNACCENTED_VALID,attention-threshold,8,true,1,8,true,1,hiếu,0.14936324954032898,0.07543350011110306,false,false,MODEL_WRONG_CANDIDATE
sms-real-041,ALL_UNACCENTED,Ma xac thuc chi co hieu luc trong nam phut.,luc,lực,24,27,UNACCENTED_VALID,,5,true,1,5,true,1,lực,0.5392180681228638,0.012550316751003265,false,false,CORRECT_RANK_BUT_GATE_REJECT
sms-real-041,ALL_UNACCENTED,Ma xac thuc chi co hieu luc trong nam phut.,nam,năm,34,37,UNACCENTED_VALID,,11,true,1,8,true,1,năm,0.5929188132286072,0.14599673449993134,false,false,CORRECT_RANK_BUT_GATE_REJECT
sms-real-041,ALL_UNACCENTED,Ma xac thuc chi co hieu luc trong nam phut.,phut.,phút.,38,43,UNACCENTED_VALID,,2,true,1,2,true,1,phút,0.8780027031898499,0.04378800466656685,true,true,CORRECT_EMIT
sms-real-042,ALL_UNACCENTED,Quy khach khong chia se ma xac nhan cho bat ky ai.,Quy,Quý,0,3,UNACCENTED_VALID,attention-threshold,6,true,1,6,true,1,quý,0.3220450282096863,0.0826786458492279,false,false,CORRECT_RANK_BUT_GATE_REJECT
sms-real-042,ALL_UNACCENTED,Quy khach khong chia se ma xac nhan cho bat ky ai.,khach,khách,4,9,UNACCENTED_VALID,,1,true,1,1,true,1,khách,0.7638453245162964,0.23615466058254242,false,false,CORRECT_RANK_BUT_GATE_REJECT
sms-real-042,ALL_UNACCENTED,Quy khach khong chia se ma xac nhan cho bat ky ai.,khong,không,10,15,UNACCENTED_VALID,,7,true,1,7,true,1,không,0.6358163952827454,0.0351506844162941,true,true,CORRECT_EMIT
sms-real-042,ALL_UNACCENTED,Quy khach khong chia se ma xac nhan cho bat ky ai.,se,sẻ,21,23,UNACCENTED_VALID,,8,true,2,8,true,2,sẻ,0.7843822836875916,0.02378106117248535,false,false,CORRECT_RANK_BUT_GATE_REJECT
sms-real-042,ALL_UNACCENTED,Quy khach khong chia se ma xac nhan cho bat ky ai.,ma,mã,24,26,UNACCENTED_VALID,attention-threshold,6,true,2,6,true,2,mà,0.20304132997989655,0.1126207709312439,false,false,MODEL_WRONG_CANDIDATE
sms-real-042,ALL_UNACCENTED,Quy khach khong chia se ma xac nhan cho bat ky ai.,xac,xác,27,30,UNACCENTED_VALID,attention-threshold,4,true,1,4,true,1,xạc,0.2872590124607086,0.12480246275663376,false,false,MODEL_WRONG_CANDIDATE
sms-real-042,ALL_UNACCENTED,Quy khach khong chia se ma xac nhan cho bat ky ai.,nhan,nhận,31,35,UNACCENTED_VALID,attention-threshold,11,true,2,8,true,2,nhận,0.24889731407165527,0.032441750168800354,false,false,CORRECT_RANK_BUT_GATE_REJECT
sms-real-042,ALL_UNACCENTED,Quy khach khong chia se ma xac nhan cho bat ky ai.,bat,bất,40,43,UNACCENTED_VALID,attention-threshold,8,true,1,8,true,1,bất,0.44988033175468445,0.02143936976790428,false,false,CORRECT_RANK_BUT_GATE_REJECT
sms-real-042,ALL_UNACCENTED,Quy khach khong chia se ma xac nhan cho bat ky ai.,ky,kỳ,44,46,UNACCENTED_VALID,,5,true,1,5,true,1,kỳ,0.5457926392555237,0.06452278047800064,true,true,CORRECT_EMIT
sms-real-043,ALL_UNACCENTED,Tai khoan cua ban vua phat sinh mot giao dich moi.,Tai,Tài,0,3,UNACCENTED_VALID,attention-threshold,6,true,2,6,true,2,tài,0.23724570870399475,0.08284635841846466,false,false,CORRECT_RANK_BUT_GATE_REJECT
sms-real-043,ALL_UNACCENTED,Tai khoan cua ban vua phat sinh mot giao dich moi.,khoan,khoản,4,9,UNACCENTED_VALID,attention-threshold,5,true,1,5,true,1,khoăn,0.24343779683113098,0.11451494693756104,false,false,MODEL_WRONG_CANDIDATE
sms-real-043,ALL_UNACCENTED,Tai khoan cua ban vua phat sinh mot giao dich moi.,cua,của,10,13,UNACCENTED_VALID,,11,true,1,8,true,1,của,0.9650875926017761,0.002726788865402341,true,true,CORRECT_EMIT
sms-real-043,ALL_UNACCENTED,Tai khoan cua ban vua phat sinh mot giao dich moi.,ban,bạn,14,17,UNACCENTED_VALID,attention-threshold,11,true,4,8,true,5,bán,0.17298057675361633,0.06132430583238602,false,false,MODEL_WRONG_CANDIDATE
sms-real-043,ALL_UNACCENTED,Tai khoan cua ban vua phat sinh mot giao dich moi.,vua,vừa,18,21,UNACCENTED_VALID,attention-threshold,8,true,1,8,true,1,vừa,0.4581991732120514,0.043814487755298615,false,false,CORRECT_RANK_BUT_GATE_REJECT
sms-real-043,ALL_UNACCENTED,Tai khoan cua ban vua phat sinh mot giao dich moi.,phat,phát,22,26,UNACCENTED_VALID,,5,true,1,5,true,1,phát,0.5513795018196106,0.007716391701251268,false,false,CORRECT_RANK_BUT_GATE_REJECT
sms-real-043,ALL_UNACCENTED,Tai khoan cua ban vua phat sinh mot giao dich moi.,mot,một,32,35,UNACCENTED_VALID,,5,true,1,5,true,1,một,0.9775341749191284,0.005342615768313408,false,false,CORRECT_RANK_BUT_GATE_REJECT
sms-real-043,ALL_UNACCENTED,Tai khoan cua ban vua phat sinh mot giao dich moi.,dich,dịch,41,45,UNACCENTED_VALID,,5,true,1,5,true,1,dịch,0.9476020932197571,0.009457051753997803,true,true,CORRECT_EMIT
sms-real-043,ALL_UNACCENTED,Tai khoan cua ban vua phat sinh mot giao dich moi.,moi.,mới.,46,50,UNACCENTED_VALID,attention-threshold,11,true,1,8,true,1,mời,0.1748264878988266,0.06673059612512589,false,false,MODEL_WRONG_CANDIDATE
sms-real-044,ALL_UNACCENTED,Vui long kiem tra so tien truoc khi xac nhan chuyen khoan.,long,lòng,4,8,UNACCENTED_VALID,,11,true,1,8,true,1,lòng,0.8118849992752075,0.020693663507699966,true,true,CORRECT_EMIT
sms-real-044,ALL_UNACCENTED,Vui long kiem tra so tien truoc khi xac nhan chuyen khoan.,kiem,kiểm,9,13,UNACCENTED_VALID,,5,true,1,5,true,1,kiểm,0.9753571152687073,0.000990503584034741,false,false,CORRECT_RANK_BUT_GATE_REJECT
sms-real-044,ALL_UNACCENTED,Vui long kiem tra so tien truoc khi xac nhan chuyen khoan.,so,số,18,20,UNACCENTED_VALID,attention-threshold,11,true,1,8,true,1,sở,0.4738917350769043,0.03681422770023346,false,false,MODEL_WRONG_CANDIDATE
sms-real-044,ALL_UNACCENTED,Vui long kiem tra so tien truoc khi xac nhan chuyen khoan.,tien,tiền,21,25,UNACCENTED_VALID,attention-threshold,6,true,1,6,true,1,tiền,0.25403717160224915,0.057886261492967606,false,false,CORRECT_RANK_BUT_GATE_REJECT
sms-real-044,ALL_UNACCENTED,Vui long kiem tra so tien truoc khi xac nhan chuyen khoan.,truoc,trước,26,31,UNACCENTED_VALID,,4,true,1,4,true,1,trước,0.8442829251289368,0.018167071044445038,true,true,CORRECT_EMIT
sms-real-044,ALL_UNACCENTED,Vui long kiem tra so tien truoc khi xac nhan chuyen khoan.,xac,xác,36,39,UNACCENTED_VALID,,4,true,1,4,true,1,xác,0.8533753156661987,0.02601730078458786,true,true,CORRECT_EMIT
sms-real-044,ALL_UNACCENTED,Vui long kiem tra so tien truoc khi xac nhan chuyen khoan.,nhan,nhận,40,44,UNACCENTED_VALID,attention-threshold,11,true,2,8,true,2,nhận,0.17235633730888367,0.07940448820590973,false,false,CORRECT_RANK_BUT_GATE_REJECT
sms-real-044,ALL_UNACCENTED,Vui long kiem tra so tien truoc khi xac nhan chuyen khoan.,chuyen,chuyển,45,51,UNACCENTED_VALID,attention-threshold,6,true,1,6,true,1,chuyến,0.22154636681079865,0.05923357978463173,false,false,MODEL_WRONG_CANDIDATE
sms-real-044,ALL_UNACCENTED,Vui long kiem tra so tien truoc khi xac nhan chuyen khoan.,khoan.,khoản.,52,58,UNACCENTED_VALID,attention-threshold,5,true,1,5,true,1,khoăn,0.2207815945148468,0.11582323908805847,false,false,MODEL_WRONG_CANDIDATE
sms-real-045,ALL_UNACCENTED,Ngan hang da ghi nhan yeu cau khoa the cua quy khach.,Ngan,Ngân,0,4,UNACCENTED_VALID,attention-threshold,11,true,1,8,true,1,ngân,0.37730011343955994,0.04901393875479698,false,false,CORRECT_RANK_BUT_GATE_REJECT
sms-real-045,ALL_UNACCENTED,Ngan hang da ghi nhan yeu cau khoa the cua quy khach.,hang,hàng,5,9,UNACCENTED_VALID,attention-threshold,11,true,1,8,true,1,hàng,0.42981186509132385,0.04883396625518799,false,false,CORRECT_RANK_BUT_GATE_REJECT
sms-real-045,ALL_UNACCENTED,Ngan hang da ghi nhan yeu cau khoa the cua quy khach.,da,đã,10,12,UNACCENTED_VALID,,11,true,1,8,true,1,đá,0.6674374938011169,0.012008442543447018,false,false,MODEL_WRONG_CANDIDATE
sms-real-045,ALL_UNACCENTED,Ngan hang da ghi nhan yeu cau khoa the cua quy khach.,nhan,nhận,17,21,UNACCENTED_VALID,,11,true,2,8,true,2,nhận,0.7724545001983643,0.00581315066665411,true,false,CORRECT_RANK_BUT_GATE_REJECT
sms-real-045,ALL_UNACCENTED,Ngan hang da ghi nhan yeu cau khoa the cua quy khach.,yeu,yêu,22,25,UNACCENTED_VALID,,5,true,1,5,true,1,yếu,0.5666232109069824,0.051302097737789154,false,false,MODEL_WRONG_CANDIDATE
sms-real-045,ALL_UNACCENTED,Ngan hang da ghi nhan yeu cau khoa the cua quy khach.,cau,cầu,26,29,UNACCENTED_VALID,attention-threshold,11,true,1,8,true,1,cầu,0.41733792424201965,0.039685845375061035,false,false,CORRECT_RANK_BUT_GATE_REJECT
sms-real-045,ALL_UNACCENTED,Ngan hang da ghi nhan yeu cau khoa the cua quy khach.,khoa,khóa,30,34,UNACCENTED_VALID,attention-threshold,3,true,1,3,true,1,khóa,0.3745212256908417,0.34165599942207336,false,false,CORRECT_RANK_BUT_GATE_REJECT
sms-real-045,ALL_UNACCENTED,Ngan hang da ghi nhan yeu cau khoa the cua quy khach.,the,thẻ,35,38,UNACCENTED_VALID,attention-threshold,9,true,3,8,true,3,thế,0.43613672256469727,0.17515698075294495,false,false,MODEL_WRONG_CANDIDATE
sms-real-045,ALL_UNACCENTED,Ngan hang da ghi nhan yeu cau khoa the cua quy khach.,cua,của,39,42,UNACCENTED_VALID,,11,true,1,8,true,1,của,0.8884701132774353,0.009817149490118027,true,true,CORRECT_EMIT
sms-real-045,ALL_UNACCENTED,Ngan hang da ghi nhan yeu cau khoa the cua quy khach.,quy,quý,43,46,UNACCENTED_VALID,attention-threshold,6,true,1,6,true,1,quý,0.2837125360965729,0.09879197180271149,false,false,CORRECT_RANK_BUT_GATE_REJECT
sms-real-045,ALL_UNACCENTED,Ngan hang da ghi nhan yeu cau khoa the cua quy khach.,khach.,khách.,47,53,UNACCENTED_VALID,,1,true,1,1,true,1,khách,0.7349038124084473,0.26509618759155273,false,false,CORRECT_RANK_BUT_GATE_REJECT
sms-real-046,ALL_UNACCENTED,Don hang moi cua ban da duoc xac nhan.,Don,Đơn,0,3,UNACCENTED_VALID,attention-threshold,11,true,1,8,true,1,đơn,0.16621705889701843,0.06552835553884506,false,false,CORRECT_RANK_BUT_GATE_REJECT
sms-real-046,ALL_UNACCENTED,Don hang moi cua ban da duoc xac nhan.,hang,hàng,4,8,UNACCENTED_VALID,attention-threshold,11,true,1,8,true,1,hẫng,0.15152941644191742,0.07289532572031021,false,false,MODEL_WRONG_CANDIDATE
sms-real-046,ALL_UNACCENTED,Don hang moi cua ban da duoc xac nhan.,moi,mới,9,12,UNACCENTED_VALID,attention-threshold,11,true,1,8,true,1,mời,0.15691442787647247,0.0733543112874031,false,false,MODEL_WRONG_CANDIDATE
sms-real-046,ALL_UNACCENTED,Don hang moi cua ban da duoc xac nhan.,cua,của,13,16,UNACCENTED_VALID,,11,true,1,8,true,1,của,0.787198543548584,0.017594702541828156,true,true,CORRECT_EMIT
sms-real-046,ALL_UNACCENTED,Don hang moi cua ban da duoc xac nhan.,ban,bạn,17,20,UNACCENTED_VALID,attention-kept-original,11,true,4,8,true,4,ban,0.1988205909729004,0.1988205909729004,false,false,MODEL_KEEP_ERROR
sms-real-046,ALL_UNACCENTED,Don hang moi cua ban da duoc xac nhan.,da,đã,21,23,UNACCENTED_VALID,attention-threshold,11,true,1,8,true,1,đa,0.27393630146980286,0.25969985127449036,false,false,MODEL_WRONG_CANDIDATE
sms-real-046,ALL_UNACCENTED,Don hang moi cua ban da duoc xac nhan.,duoc,được,24,28,UNACCENTED_VALID,,8,true,1,8,true,1,được,0.5522472858428955,0.031115388497710228,true,true,CORRECT_EMIT
sms-real-046,ALL_UNACCENTED,Don hang moi cua ban da duoc xac nhan.,xac,xác,29,32,UNACCENTED_VALID,attention-threshold,4,true,1,4,true,1,xạc,0.27160999178886414,0.13946670293807983,false,false,MODEL_WRONG_CANDIDATE
sms-real-046,ALL_UNACCENTED,Don hang moi cua ban da duoc xac nhan.,nhan.,nhận.,33,38,UNACCENTED_VALID,attention-threshold,11,true,2,8,true,2,nhận,0.199831023812294,0.07084102183580399,false,false,CORRECT_RANK_BUT_GATE_REJECT
sms-real-047,ALL_UNACCENTED,Ma giam gia co the su dung den het hom nay.,Ma,Mã,0,2,UNACCENTED_VALID,attention-threshold,6,true,2,6,true,2,mà,0.20768389105796814,0.10609622299671173,false,false,MODEL_WRONG_CANDIDATE
sms-real-047,ALL_UNACCENTED,Ma giam gia co the su dung den het hom nay.,giam,giảm,3,7,UNACCENTED_VALID,attention-threshold,10,true,2,8,true,1,giảm,0.400078147649765,0.194675475358963,false,false,CORRECT_RANK_BUT_GATE_REJECT
sms-real-047,ALL_UNACCENTED,Ma giam gia co the su dung den het hom nay.,gia,giá,8,11,UNACCENTED_VALID,attention-kept-original,6,true,1,6,true,1,gia,0.502170741558075,0.502170741558075,false,false,MODEL_KEEP_ERROR
sms-real-047,ALL_UNACCENTED,Ma giam gia co the su dung den het hom nay.,co,có,12,14,UNACCENTED_VALID,,11,true,1,8,true,1,có,0.5093621015548706,0.008129989728331566,true,true,CORRECT_EMIT
sms-real-047,ALL_UNACCENTED,Ma giam gia co the su dung den het hom nay.,the,thể,15,18,UNACCENTED_VALID,attention-threshold,9,true,1,8,true,1,thể,0.4601413905620575,0.05865006893873215,false,false,CORRECT_RANK_BUT_GATE_REJECT
sms-real-047,ALL_UNACCENTED,Ma giam gia co the su dung den het hom nay.,su,sử,19,21,UNACCENTED_VALID,attention-threshold,11,true,2,8,true,2,sự,0.27489638328552246,0.0378078930079937,false,false,MODEL_WRONG_CANDIDATE
sms-real-047,ALL_UNACCENTED,Ma giam gia co the su dung den het hom nay.,dung,dụng,22,26,UNACCENTED_VALID,attention-threshold,11,true,1,8,true,1,dùng,0.3734835684299469,0.05486060306429863,false,false,MODEL_WRONG_CANDIDATE
sms-real-047,ALL_UNACCENTED,Ma giam gia co the su dung den het hom nay.,den,đến,27,30,UNACCENTED_VALID,attention-threshold,11,true,1,8,true,1,đến,0.4286685883998871,0.043130017817020416,false,false,CORRECT_RANK_BUT_GATE_REJECT
sms-real-047,ALL_UNACCENTED,Ma giam gia co the su dung den het hom nay.,het,hết,31,34,UNACCENTED_VALID,attention-threshold,5,true,1,5,true,1,hết,0.2403917759656906,0.08710277080535889,false,false,CORRECT_RANK_BUT_GATE_REJECT
sms-real-047,ALL_UNACCENTED,Ma giam gia co the su dung den het hom nay.,hom,hôm,35,38,UNACCENTED_VALID,,10,true,1,8,true,1,hôm,0.8885626196861267,0.012930995784699917,false,false,CORRECT_RANK_BUT_GATE_REJECT
sms-real-048,ALL_UNACCENTED,San pham ban quan tam vua duoc bo sung hang.,San,Sản,0,3,UNACCENTED_VALID,attention-threshold,11,true,1,8,true,1,săn,0.21353307366371155,0.06294267624616623,false,false,MODEL_WRONG_CANDIDATE
sms-real-048,ALL_UNACCENTED,San pham ban quan tam vua duoc bo sung hang.,pham,phẩm,4,8,UNACCENTED_VALID,attention-threshold,11,true,2,8,true,2,phạm,0.49174410104751587,0.03063773177564144,true,false,MODEL_WRONG_CANDIDATE
sms-real-048,ALL_UNACCENTED,San pham ban quan tam vua duoc bo sung hang.,ban,bạn,9,12,UNACCENTED_VALID,attention-threshold,11,true,4,8,true,4,bản,0.28360819816589355,0.11700952053070068,false,false,MODEL_WRONG_CANDIDATE
sms-real-048,ALL_UNACCENTED,San pham ban quan tam vua duoc bo sung hang.,tam,tâm,18,21,UNACCENTED_VALID,,11,true,1,8,true,1,tâm,0.8428191542625427,0.014730382710695267,false,false,CORRECT_RANK_BUT_GATE_REJECT
sms-real-048,ALL_UNACCENTED,San pham ban quan tam vua duoc bo sung hang.,vua,vừa,22,25,UNACCENTED_VALID,attention-threshold,8,true,1,8,true,1,vừa,0.2552008628845215,0.0716065764427185,false,false,CORRECT_RANK_BUT_GATE_REJECT
sms-real-048,ALL_UNACCENTED,San pham ban quan tam vua duoc bo sung hang.,duoc,được,26,30,UNACCENTED_VALID,attention-threshold,8,true,1,8,true,1,được,0.4545324146747589,0.054729875177145004,false,false,CORRECT_RANK_BUT_GATE_REJECT
sms-real-048,ALL_UNACCENTED,San pham ban quan tam vua duoc bo sung hang.,bo,bổ,31,33,UNACCENTED_VALID,,11,true,4,8,true,4,bổ,0.7400746941566467,0.010924126952886581,false,false,CORRECT_RANK_BUT_GATE_REJECT
sms-real-048,ALL_UNACCENTED,San pham ban quan tam vua duoc bo sung hang.,hang.,hàng.,39,44,UNACCENTED_VALID,attention-threshold,11,true,1,8,true,1,hàng,0.2925887405872345,0.03314909338951111,false,false,CORRECT_RANK_BUT_GATE_REJECT
sms-real-049,ALL_UNACCENTED,Cua hang se giao san pham trong vong hai ngay.,Cua,Cửa,0,3,UNACCENTED_VALID,attention-threshold,11,true,2,8,true,2,cửa,0.31626829504966736,0.04101615399122238,false,false,CORRECT_RANK_BUT_GATE_REJECT
sms-real-049,ALL_UNACCENTED,Cua hang se giao san pham trong vong hai ngay.,hang,hàng,4,8,UNACCENTED_VALID,attention-threshold,11,true,1,8,true,1,hẫng,0.15672637522220612,0.0744277685880661,false,false,MODEL_WRONG_CANDIDATE
sms-real-049,ALL_UNACCENTED,Cua hang se giao san pham trong vong hai ngay.,se,sẽ,9,11,UNACCENTED_VALID,,8,true,1,8,true,1,sẽ,0.7329405546188354,0.017650103196501732,false,false,CORRECT_RANK_BUT_GATE_REJECT
sms-real-049,ALL_UNACCENTED,Cua hang se giao san pham trong vong hai ngay.,san,sản,17,20,UNACCENTED_VALID,attention-threshold,11,true,1,8,true,1,sẵn,0.40069088339805603,0.032774679362773895,false,false,MODEL_WRONG_CANDIDATE
sms-real-049,ALL_UNACCENTED,Cua hang se giao san pham trong vong hai ngay.,pham,phẩm,21,25,UNACCENTED_VALID,,11,true,2,8,true,2,phạm,0.5509870052337646,0.009536921046674252,true,true,MODEL_WRONG_CANDIDATE
sms-real-049,ALL_UNACCENTED,Cua hang se giao san pham trong vong hai ngay.,vong,vòng,32,36,UNACCENTED_VALID,,7,true,2,7,true,2,vòng,0.9957478642463684,0.00072229013312608,false,false,CORRECT_RANK_BUT_GATE_REJECT
sms-real-049,ALL_UNACCENTED,Cua hang se giao san pham trong vong hai ngay.,ngay.,ngày.,41,46,UNACCENTED_VALID,,7,true,1,7,true,1,ngày,0.8442640900611877,0.0904080793261528,false,false,CORRECT_RANK_BUT_GATE_REJECT
sms-real-050,ALL_UNACCENTED,Ban vui long kiem tra mau sac truoc khi dat hang.,Ban,Bạn,0,3,UNACCENTED_VALID,attention-threshold,11,true,4,8,true,2,bản,0.2756631672382355,0.03625665232539177,false,false,MODEL_WRONG_CANDIDATE
sms-real-050,ALL_UNACCENTED,Ban vui long kiem tra mau sac truoc khi dat hang.,long,lòng,8,12,UNACCENTED_VALID,,11,true,1,8,true,1,lòng,0.8455410003662109,0.015989240258932114,true,true,CORRECT_EMIT
sms-real-050,ALL_UNACCENTED,Ban vui long kiem tra mau sac truoc khi dat hang.,kiem,kiểm,13,17,UNACCENTED_VALID,,5,true,1,5,true,1,kiểm,0.924166202545166,0.0028822324238717556,false,false,CORRECT_RANK_BUT_GATE_REJECT
sms-real-050,ALL_UNACCENTED,Ban vui long kiem tra mau sac truoc khi dat hang.,mau,màu,22,25,UNACCENTED_VALID,attention-threshold,10,true,2,8,true,3,mẫu,0.4871324896812439,0.03150630742311478,false,false,MODEL_WRONG_CANDIDATE
sms-real-050,ALL_UNACCENTED,Ban vui long kiem tra mau sac truoc khi dat hang.,sac,sắc,26,29,UNACCENTED_VALID,attention-threshold,5,true,1,5,true,1,sắc,0.241778165102005,0.0991782546043396,false,false,CORRECT_RANK_BUT_GATE_REJECT
sms-real-050,ALL_UNACCENTED,Ban vui long kiem tra mau sac truoc khi dat hang.,truoc,trước,30,35,UNACCENTED_VALID,,4,true,1,4,true,1,trước,0.8616565465927124,0.015344705432653427,true,true,CORRECT_EMIT
sms-real-050,ALL_UNACCENTED,Ban vui long kiem tra mau sac truoc khi dat hang.,dat,đặt,40,43,UNACCENTED_VALID,attention-threshold,11,true,3,8,true,3,đạt,0.3432992100715637,0.007316822651773691,false,false,MODEL_WRONG_CANDIDATE
sms-real-050,ALL_UNACCENTED,Ban vui long kiem tra mau sac truoc khi dat hang.,hang.,hàng.,44,49,UNACCENTED_VALID,attention-threshold,11,true,1,8,true,1,hẫng,0.1568874567747116,0.0702141672372818,false,false,MODEL_WRONG_CANDIDATE
sms-real-051,ALL_UNACCENTED,Tai xe dang di chuyen den dia chi nhan hang.,Tai,Tài,0,3,UNACCENTED_VALID,,6,true,2,6,true,2,tải,0.6087694764137268,0.01573253981769085,false,false,MODEL_WRONG_CANDIDATE
sms-real-051,ALL_UNACCENTED,Tai xe dang di chuyen den dia chi nhan hang.,xe,xế,4,6,UNACCENTED_VALID,attention-threshold,8,true,1,8,true,1,xế,0.2090604603290558,0.08410429954528809,false,false,CORRECT_RANK_BUT_GATE_REJECT
sms-real-051,ALL_UNACCENTED,Tai xe dang di chuyen den dia chi nhan hang.,dang,đang,7,11,UNACCENTED_VALID,,12,true,1,8,true,1,đang,0.812076985836029,0.0018757556099444628,true,true,CORRECT_EMIT
sms-real-051,ALL_UNACCENTED,Tai xe dang di chuyen den dia chi nhan hang.,chuyen,chuyển,15,21,UNACCENTED_VALID,,6,true,1,6,true,1,chuyển,0.7656939029693604,0.009306390769779682,false,false,CORRECT_RANK_BUT_GATE_REJECT
sms-real-051,ALL_UNACCENTED,Tai xe dang di chuyen den dia chi nhan hang.,den,đến,22,25,UNACCENTED_VALID,attention-threshold,11,true,1,8,true,1,đèn,0.16806602478027344,0.05935098975896835,false,false,MODEL_WRONG_CANDIDATE
sms-real-051,ALL_UNACCENTED,Tai xe dang di chuyen den dia chi nhan hang.,dia,địa,26,29,UNACCENTED_VALID,attention-kept-original,9,true,1,8,true,1,dia,0.3293565511703491,0.3293565511703491,false,false,MODEL_KEEP_ERROR
sms-real-051,ALL_UNACCENTED,Tai xe dang di chuyen den dia chi nhan hang.,chi,chỉ,30,33,UNACCENTED_VALID,attention-kept-original,4,true,1,4,true,1,chi,0.6313212513923645,0.6313212513923645,false,false,MODEL_KEEP_ERROR
sms-real-051,ALL_UNACCENTED,Tai xe dang di chuyen den dia chi nhan hang.,nhan,nhận,34,38,UNACCENTED_VALID,attention-threshold,11,true,2,8,true,2,nhận,0.2777363061904907,0.031183848157525063,true,false,CORRECT_RANK_BUT_GATE_REJECT
sms-real-051,ALL_UNACCENTED,Tai xe dang di chuyen den dia chi nhan hang.,hang.,hàng.,39,44,UNACCENTED_VALID,attention-threshold,11,true,1,8,true,1,hẫng,0.1590651422739029,0.07909625768661499,false,false,MODEL_WRONG_CANDIDATE
sms-real-052,ALL_UNACCENTED,Kien hang da den buu cuc gan dia chi cua ban.,Kien,Kiện,0,4,UNACCENTED_VALID,attention-threshold,6,true,2,6,true,2,kiến,0.17291782796382904,0.0628860741853714,false,false,MODEL_WRONG_CANDIDATE
sms-real-052,ALL_UNACCENTED,Kien hang da den buu cuc gan dia chi cua ban.,hang,hàng,5,9,UNACCENTED_VALID,attention-threshold,11,true,1,8,true,1,hàng,0.4227798879146576,0.049582868814468384,false,false,CORRECT_RANK_BUT_GATE_REJECT
sms-real-052,ALL_UNACCENTED,Kien hang da den buu cuc gan dia chi cua ban.,da,đã,10,12,UNACCENTED_VALID,,11,true,1,8,true,1,đá,0.6795944571495056,0.04661402478814125,false,false,MODEL_WRONG_CANDIDATE
sms-real-052,ALL_UNACCENTED,Kien hang da den buu cuc gan dia chi cua ban.,den,đến,13,16,UNACCENTED_VALID,attention-threshold,11,true,1,8,true,1,đen,0.46422529220581055,0.021699897944927216,false,false,MODEL_WRONG_CANDIDATE
sms-real-052,ALL_UNACCENTED,Kien hang da den buu cuc gan dia chi cua ban.,buu,bưu,17,20,UNACCENTED_VALID,attention-threshold,4,true,1,4,true,1,bưu,0.2845222055912018,0.09585777670145035,false,false,CORRECT_RANK_BUT_GATE_REJECT
sms-real-052,ALL_UNACCENTED,Kien hang da den buu cuc gan dia chi cua ban.,cuc,cục,21,24,UNACCENTED_VALID,attention-threshold,5,true,1,5,true,1,cúc,0.3238464295864105,0.08110780268907547,false,false,MODEL_WRONG_CANDIDATE
sms-real-052,ALL_UNACCENTED,Kien hang da den buu cuc gan dia chi cua ban.,gan,gần,25,28,UNACCENTED_VALID,attention-threshold,10,true,1,8,true,1,gần,0.1480868011713028,0.06834761053323746,false,false,CORRECT_RANK_BUT_GATE_REJECT
sms-real-052,ALL_UNACCENTED,Kien hang da den buu cuc gan dia chi cua ban.,dia,địa,29,32,UNACCENTED_VALID,attention-kept-original,9,true,1,8,true,1,dia,0.340618759393692,0.340618759393692,false,false,MODEL_KEEP_ERROR
sms-real-052,ALL_UNACCENTED,Kien hang da den buu cuc gan dia chi cua ban.,chi,chỉ,33,36,UNACCENTED_VALID,attention-kept-original,4,true,1,4,true,1,chi,0.6066847443580627,0.6066847443580627,false,false,MODEL_KEEP_ERROR
sms-real-052,ALL_UNACCENTED,Kien hang da den buu cuc gan dia chi cua ban.,cua,của,37,40,UNACCENTED_VALID,,11,true,1,8,true,1,của,0.9697794914245605,0.002583126537501812,true,true,CORRECT_EMIT
sms-real-052,ALL_UNACCENTED,Kien hang da den buu cuc gan dia chi cua ban.,ban.,bạn.,41,45,UNACCENTED_VALID,attention-threshold,11,true,4,8,true,5,bán,0.17317481338977814,0.06383046507835388,false,false,MODEL_WRONG_CANDIDATE
sms-real-053,ALL_UNACCENTED,Vui long giu dien thoai de nhan vien giao hang lien he.,long,lòng,4,8,UNACCENTED_VALID,,11,true,1,8,true,1,lòng,0.8125373721122742,0.02096148394048214,true,true,CORRECT_EMIT
sms-real-053,ALL_UNACCENTED,Vui long giu dien thoai de nhan vien giao hang lien he.,giu,giữ,9,12,UNACCENTED_VALID,,3,true,1,3,true,1,giữ,0.7803056240081787,0.05634583532810211,false,false,CORRECT_RANK_BUT_GATE_REJECT
sms-real-053,ALL_UNACCENTED,Vui long giu dien thoai de nhan vien giao hang lien he.,dien,điện,13,17,UNACCENTED_VALID,attention-threshold,11,true,1,8,true,1,điện,0.37895727157592773,0.12795709073543549,false,false,CORRECT_RANK_BUT_GATE_REJECT
sms-real-053,ALL_UNACCENTED,Vui long giu dien thoai de nhan vien giao hang lien he.,thoai,thoại,18,23,UNACCENTED_VALID,attention-kept-original,4,true,1,4,true,1,thoai,0.3701740801334381,0.3701740801334381,false,false,MODEL_KEEP_ERROR
sms-real-053,ALL_UNACCENTED,Vui long giu dien thoai de nhan vien giao hang lien he.,de,để,24,26,UNACCENTED_VALID,attention-threshold,11,true,1,8,true,1,đề,0.22653377056121826,0.10889565944671631,false,false,MODEL_WRONG_CANDIDATE
sms-real-053,ALL_UNACCENTED,Vui long giu dien thoai de nhan vien giao hang lien he.,nhan,nhân,27,31,UNACCENTED_VALID,attention-threshold,11,true,1,8,true,1,nhận,0.1698956936597824,0.06865222007036209,false,false,MODEL_WRONG_CANDIDATE
sms-real-053,ALL_UNACCENTED,Vui long giu dien thoai de nhan vien giao hang lien he.,vien,viên,32,36,UNACCENTED_VALID,attention-threshold,6,true,1,6,true,1,viên,0.4138985574245453,0.01958867721259594,false,false,CORRECT_RANK_BUT_GATE_REJECT
sms-real-053,ALL_UNACCENTED,Vui long giu dien thoai de nhan vien giao hang lien he.,hang,hàng,42,46,UNACCENTED_VALID,,11,true,1,8,true,1,hàng,0.5141902565956116,0.029292132705450058,true,true,CORRECT_EMIT
sms-real-053,ALL_UNACCENTED,Vui long giu dien thoai de nhan vien giao hang lien he.,lien,liên,47,51,UNACCENTED_VALID,attention-threshold,5,true,1,5,true,1,liền,0.20803621411323547,0.09695243835449219,false,false,MODEL_WRONG_CANDIDATE
sms-real-053,ALL_UNACCENTED,Vui long giu dien thoai de nhan vien giao hang lien he.,he.,hệ.,52,55,UNACCENTED_VALID,attention-threshold,10,true,1,8,true,1,hệ,0.15020756423473358,0.09327269345521927,false,false,CORRECT_RANK_BUT_GATE_REJECT
sms-real-054,ALL_UNACCENTED,Don hang chua giao duoc vi khong lien lac duoc nguoi nhan.,Don,Đơn,0,3,UNACCENTED_VALID,attention-threshold,11,true,1,8,true,1,đôn,0.15517441928386688,0.07023132592439651,false,false,MODEL_WRONG_CANDIDATE
sms-real-054,ALL_UNACCENTED,Don hang chua giao duoc vi khong lien lac duoc nguoi nhan.,hang,hàng,4,8,UNACCENTED_VALID,attention-threshold,11,true,1,8,true,1,hẫng,0.15942847728729248,0.07543731480836868,false,false,MODEL_WRONG_CANDIDATE
sms-real-054,ALL_UNACCENTED,Don hang chua giao duoc vi khong lien lac duoc nguoi nhan.,chua,chưa,9,13,UNACCENTED_VALID,attention-threshold,11,true,1,8,true,1,chưa,0.43985843658447266,0.042049288749694824,false,false,CORRECT_RANK_BUT_GATE_REJECT
sms-real-054,ALL_UNACCENTED,Don hang chua giao duoc vi khong lien lac duoc nguoi nhan.,duoc,được,19,23,UNACCENTED_VALID,,8,true,1,8,true,1,được,0.9062337279319763,0.006671458017081022,true,true,CORRECT_EMIT
sms-real-054,ALL_UNACCENTED,Don hang chua giao duoc vi khong lien lac duoc nguoi nhan.,vi,vì,24,26,UNACCENTED_VALID,attention-threshold,5,true,2,5,true,2,vị,0.26263755559921265,0.2097417563199997,false,false,MODEL_WRONG_CANDIDATE
sms-real-054,ALL_UNACCENTED,Don hang chua giao duoc vi khong lien lac duoc nguoi nhan.,khong,không,27,32,UNACCENTED_VALID,,7,true,1,7,true,1,không,0.7917982339859009,0.02035069465637207,true,true,CORRECT_EMIT
sms-real-054,ALL_UNACCENTED,Don hang chua giao duoc vi khong lien lac duoc nguoi nhan.,lien,liên,33,37,UNACCENTED_VALID,attention-threshold,5,true,1,5,true,1,liền,0.22795657813549042,0.09470298886299133,false,false,MODEL_WRONG_CANDIDATE
sms-real-054,ALL_UNACCENTED,Don hang chua giao duoc vi khong lien lac duoc nguoi nhan.,lac,lạc,38,41,UNACCENTED_VALID,attention-threshold,5,true,1,5,true,1,lấc,0.2443593293428421,0.11638077348470688,false,false,MODEL_WRONG_CANDIDATE
sms-real-054,ALL_UNACCENTED,Don hang chua giao duoc vi khong lien lac duoc nguoi nhan.,duoc,được,42,46,UNACCENTED_VALID,attention-threshold,8,true,1,8,true,1,dược,0.1478082686662674,0.09242870658636093,false,false,MODEL_WRONG_CANDIDATE
sms-real-054,ALL_UNACCENTED,Don hang chua giao duoc vi khong lien lac duoc nguoi nhan.,nguoi,người,47,52,UNACCENTED_VALID,attention-threshold,10,true,1,8,true,1,người,0.17084401845932007,0.06918638199567795,false,false,CORRECT_RANK_BUT_GATE_REJECT
sms-real-054,ALL_UNACCENTED,Don hang chua giao duoc vi khong lien lac duoc nguoi nhan.,nhan.,nhận.,53,58,UNACCENTED_VALID,attention-threshold,11,true,2,8,true,2,nhận,0.18842244148254395,0.07099474221467972,false,false,CORRECT_RANK_BUT_GATE_REJECT
sms-real-055,ALL_UNACCENTED,Ban co the doi thoi gian giao hang tren ung dung.,Ban,Bạn,0,3,UNACCENTED_VALID,attention-threshold,11,true,4,8,true,4,bản,0.4089213013648987,0.04109074920415878,false,false,MODEL_WRONG_CANDIDATE
sms-real-055,ALL_UNACCENTED,Ban co the doi thoi gian giao hang tren ung dung.,co,có,4,6,UNACCENTED_VALID,attention-threshold,11,true,1,8,true,1,có,0.36469098925590515,0.018593765795230865,false,false,CORRECT_RANK_BUT_GATE_REJECT
sms-real-055,ALL_UNACCENTED,Ban co the doi thoi gian giao hang tren ung dung.,the,thể,7,10,UNACCENTED_VALID,attention-threshold,9,true,1,8,true,1,thể,0.4435090124607086,0.07233110070228577,false,false,CORRECT_RANK_BUT_GATE_REJECT
sms-real-055,ALL_UNACCENTED,Ban co the doi thoi gian giao hang tren ung dung.,doi,đổi,11,14,UNACCENTED_VALID,attention-threshold,12,true,2,8,true,2,đời,0.16191761195659637,0.051184095442295074,false,false,MODEL_WRONG_CANDIDATE
sms-real-055,ALL_UNACCENTED,Ban co the doi thoi gian giao hang tren ung dung.,thoi,thời,15,19,UNACCENTED_VALID,,11,true,1,8,true,1,thời,0.9756959676742554,0.0011088300962001085,false,false,CORRECT_RANK_BUT_GATE_REJECT
sms-real-055,ALL_UNACCENTED,Ban co the doi thoi gian giao hang tren ung dung.,hang,hàng,30,34,UNACCENTED_VALID,,11,true,1,8,true,1,hàng,0.7636153697967529,0.013816598802804947,true,true,CORRECT_EMIT
sms-real-055,ALL_UNACCENTED,Ban co the doi thoi gian giao hang tren ung dung.,tren,trên,35,39,UNACCENTED_VALID,,7,true,1,7,true,1,trên,0.5120857954025269,0.037338245660066605,true,true,CORRECT_EMIT
sms-real-055,ALL_UNACCENTED,Ban co the doi thoi gian giao hang tren ung dung.,ung,ứng,40,43,UNACCENTED_VALID,attention-threshold,11,true,1,8,true,1,ứng,0.30179208517074585,0.27033618092536926,false,false,CORRECT_RANK_BUT_GATE_REJECT
sms-real-055,ALL_UNACCENTED,Ban co the doi thoi gian giao hang tren ung dung.,dung.,dụng.,44,49,UNACCENTED_VALID,attention-kept-original,11,true,1,8,true,1,dung,0.5306186676025391,0.5306186676025391,false,false,MODEL_KEEP_ERROR
sms-real-056,ALL_UNACCENTED,Thue bao cua quy khach sap het dung luong toc do cao.,Thue,Thuê,0,4,UNACCENTED_VALID,,4,true,2,4,true,2,thuê,0.5578486919403076,0.031213892623782158,true,true,CORRECT_EMIT
sms-real-056,ALL_UNACCENTED,Thue bao cua quy khach sap het dung luong toc do cao.,cua,của,9,12,UNACCENTED_VALID,,11,true,1,8,true,1,của,0.9229063391685486,0.006356800906360149,true,true,CORRECT_EMIT
sms-real-056,ALL_UNACCENTED,Thue bao cua quy khach sap het dung luong toc do cao.,quy,quý,13,16,UNACCENTED_VALID,attention-threshold,6,true,1,6,true,1,quý,0.21444489061832428,0.06590291857719421,false,false,CORRECT_RANK_BUT_GATE_REJECT
sms-real-056,ALL_UNACCENTED,Thue bao cua quy khach sap het dung luong toc do cao.,khach,khách,17,22,UNACCENTED_VALID,,1,true,1,1,true,1,khách,0.7200078964233398,0.27999207377433777,false,false,CORRECT_RANK_BUT_GATE_REJECT
sms-real-056,ALL_UNACCENTED,Thue bao cua quy khach sap het dung luong toc do cao.,sap,sắp,23,26,UNACCENTED_VALID,attention-threshold,6,true,1,6,true,1,sắp,0.2332541048526764,0.07306210696697235,false,false,CORRECT_RANK_BUT_GATE_REJECT
sms-real-056,ALL_UNACCENTED,Thue bao cua quy khach sap het dung luong toc do cao.,het,hết,27,30,UNACCENTED_VALID,attention-threshold,5,true,1,5,true,1,hết,0.4332805275917053,0.07015348225831985,false,false,CORRECT_RANK_BUT_GATE_REJECT
sms-real-056,ALL_UNACCENTED,Thue bao cua quy khach sap het dung luong toc do cao.,luong,lượng,36,41,UNACCENTED_VALID,,11,true,1,8,true,1,lượng,0.6188480854034424,0.03019295632839203,false,false,CORRECT_RANK_BUT_GATE_REJECT
sms-real-056,ALL_UNACCENTED,Thue bao cua quy khach sap het dung luong toc do cao.,toc,tốc,42,45,UNACCENTED_VALID,attention-threshold,5,true,2,5,true,2,tộc,0.3626638650894165,0.021044131368398666,false,false,MODEL_WRONG_CANDIDATE
sms-real-056,ALL_UNACCENTED,Thue bao cua quy khach sap het dung luong toc do cao.,do,độ,46,48,UNACCENTED_VALID,,11,true,2,8,true,2,độ,0.5224630236625671,0.03225547447800636,false,false,CORRECT_RANK_BUT_GATE_REJECT
sms-real-057,ALL_UNACCENTED,Vui long khoi dong lai thiet bi sau khi dang ky goi cuoc.,long,lòng,4,8,UNACCENTED_VALID,,11,true,1,8,true,1,lòng,0.8141735196113586,0.02082531340420246,true,true,CORRECT_EMIT
sms-real-057,ALL_UNACCENTED,Vui long khoi dong lai thiet bi sau khi dang ky goi cuoc.,khoi,khởi,9,13,UNACCENTED_VALID,attention-threshold,11,true,1,8,true,1,khối,0.15012583136558533,0.06059074029326439,false,false,MODEL_WRONG_CANDIDATE
sms-real-057,ALL_UNACCENTED,Vui long khoi dong lai thiet bi sau khi dang ky goi cuoc.,dong,động,14,18,UNACCENTED_VALID,attention-threshold,11,true,2,8,true,2,đông,0.3086470365524292,0.049299295991659164,false,false,MODEL_WRONG_CANDIDATE
sms-real-057,ALL_UNACCENTED,Vui long khoi dong lai thiet bi sau khi dang ky goi cuoc.,lai,lại,19,22,UNACCENTED_VALID,attention-threshold,6,true,1,6,true,1,lãi,0.2341209053993225,0.08603398501873016,false,false,MODEL_WRONG_CANDIDATE
sms-real-057,ALL_UNACCENTED,Vui long khoi dong lai thiet bi sau khi dang ky goi cuoc.,thiet,thiết,23,28,UNACCENTED_VALID,,3,true,1,3,true,1,thiết,0.868811845779419,0.014301937073469162,true,true,CORRECT_EMIT
sms-real-057,ALL_UNACCENTED,Vui long khoi dong lai thiet bi sau khi dang ky goi cuoc.,bi,bị,29,31,UNACCENTED_VALID,,5,true,1,5,true,1,bì,0.7020847797393799,0.021198337897658348,false,false,MODEL_WRONG_CANDIDATE
sms-real-057,ALL_UNACCENTED,Vui long khoi dong lai thiet bi sau khi dang ky goi cuoc.,dang,đăng,40,44,UNACCENTED_VALID,attention-threshold,12,true,3,8,true,3,đăng,0.335671991109848,0.0024916273541748524,false,false,CORRECT_RANK_BUT_GATE_REJECT
sms-real-057,ALL_UNACCENTED,Vui long khoi dong lai thiet bi sau khi dang ky goi cuoc.,ky,ký,45,47,UNACCENTED_VALID,attention-threshold,5,true,2,5,true,2,ký,0.25585466623306274,0.12740671634674072,false,false,CORRECT_RANK_BUT_GATE_REJECT
sms-real-057,ALL_UNACCENTED,Vui long khoi dong lai thiet bi sau khi dang ky goi cuoc.,goi,gói,48,51,UNACCENTED_VALID,attention-threshold,11,true,2,8,true,2,gói,0.1748453825712204,0.06968069076538086,false,false,CORRECT_RANK_BUT_GATE_REJECT
sms-real-057,ALL_UNACCENTED,Vui long khoi dong lai thiet bi sau khi dang ky goi cuoc.,cuoc.,cước.,52,57,UNACCENTED_VALID,attention-threshold,5,true,2,5,true,2,cuộc,0.3343118131160736,0.0879269614815712,false,false,MODEL_WRONG_CANDIDATE
sms-real-058,ALL_UNACCENTED,Goi du lieu moi da duoc kich hoat thanh cong.,Goi,Gói,0,3,UNACCENTED_VALID,attention-threshold,11,true,2,8,true,2,gói,0.30289092659950256,0.05032932758331299,true,false,CORRECT_RANK_BUT_GATE_REJECT
sms-real-058,ALL_UNACCENTED,Goi du lieu moi da duoc kich hoat thanh cong.,du,dữ,4,6,UNACCENTED_VALID,attention-threshold,11,true,5,8,true,6,dụ,0.23949313163757324,0.06954041868448257,false,false,MODEL_WRONG_CANDIDATE
sms-real-058,ALL_UNACCENTED,Goi du lieu moi da duoc kich hoat thanh cong.,lieu,liệu,7,11,UNACCENTED_VALID,attention-threshold,7,true,1,7,true,1,liễu,0.1652459055185318,0.09193022549152374,false,false,MODEL_WRONG_CANDIDATE
sms-real-058,ALL_UNACCENTED,Goi du lieu moi da duoc kich hoat thanh cong.,moi,mới,12,15,UNACCENTED_VALID,attention-threshold,11,true,1,8,true,1,mỏi,0.31558385491371155,0.04542988911271095,false,false,MODEL_WRONG_CANDIDATE
sms-real-058,ALL_UNACCENTED,Goi du lieu moi da duoc kich hoat thanh cong.,da,đã,16,18,UNACCENTED_VALID,attention-threshold,11,true,1,8,true,1,đá,0.23042529821395874,0.11672673374414444,false,false,MODEL_WRONG_CANDIDATE
sms-real-058,ALL_UNACCENTED,Goi du lieu moi da duoc kich hoat thanh cong.,duoc,được,19,23,UNACCENTED_VALID,,8,true,1,8,true,1,được,0.6312426924705505,0.024301854893565178,true,true,CORRECT_EMIT
sms-real-058,ALL_UNACCENTED,Goi du lieu moi da duoc kich hoat thanh cong.,kich,kích,24,28,UNACCENTED_VALID,attention-threshold,2,true,1,2,true,1,kịch,0.3976083993911743,0.2154729813337326,false,false,MODEL_WRONG_CANDIDATE
sms-real-058,ALL_UNACCENTED,Goi du lieu moi da duoc kich hoat thanh cong.,hoat,hoạt,29,33,UNACCENTED_VALID,attention-threshold,5,true,1,5,true,1,hoạt,0.4051273465156555,0.08406416326761246,true,true,CORRECT_EMIT
sms-real-058,ALL_UNACCENTED,Goi du lieu moi da duoc kich hoat thanh cong.,thanh,thành,34,39,UNACCENTED_VALID,attention-threshold,4,true,1,4,true,1,thành,0.4299727976322174,0.24212482571601868,false,false,CORRECT_RANK_BUT_GATE_REJECT
sms-real-058,ALL_UNACCENTED,Goi du lieu moi da duoc kich hoat thanh cong.,cong.,công.,40,45,UNACCENTED_VALID,attention-threshold,9,true,1,8,true,1,công,0.2635778486728668,0.17869257926940918,false,false,CORRECT_RANK_BUT_GATE_REJECT
sms-real-059,ALL_UNACCENTED,Cuoc phi cuoc goi se duoc tinh theo goi hien tai.,Cuoc,Cước,0,4,UNACCENTED_VALID,attention-threshold,5,true,2,5,true,2,cuộc,0.3158111870288849,0.08684052526950836,false,false,MODEL_WRONG_CANDIDATE
sms-real-059,ALL_UNACCENTED,Cuoc phi cuoc goi se duoc tinh theo goi hien tai.,phi,phí,5,8,UNACCENTED_VALID,attention-threshold,4,true,1,4,true,1,phì,0.24708177149295807,0.1331874132156372,false,false,MODEL_WRONG_CANDIDATE
sms-real-059,ALL_UNACCENTED,Cuoc phi cuoc goi se duoc tinh theo goi hien tai.,cuoc,cuộc,9,13,UNACCENTED_VALID,attention-threshold,5,true,1,5,true,1,cuộc,0.32306012511253357,0.09251566231250763,false,false,CORRECT_RANK_BUT_GATE_REJECT
sms-real-059,ALL_UNACCENTED,Cuoc phi cuoc goi se duoc tinh theo goi hien tai.,goi,gọi,14,17,UNACCENTED_VALID,attention-threshold,11,true,1,8,true,1,gối,0.16770462691783905,0.07551798224449158,false,false,MODEL_WRONG_CANDIDATE
sms-real-059,ALL_UNACCENTED,Cuoc phi cuoc goi se duoc tinh theo goi hien tai.,se,sẽ,18,20,UNACCENTED_VALID,attention-threshold,8,true,1,8,true,1,sê,0.22397081553936005,0.0714489221572876,false,false,MODEL_WRONG_CANDIDATE
sms-real-059,ALL_UNACCENTED,Cuoc phi cuoc goi se duoc tinh theo goi hien tai.,duoc,được,21,25,UNACCENTED_VALID,,8,true,1,8,true,1,được,0.6164002418518066,0.02509218268096447,true,true,CORRECT_EMIT
sms-real-059,ALL_UNACCENTED,Cuoc phi cuoc goi se duoc tinh theo goi hien tai.,tinh,tính,26,30,UNACCENTED_VALID,attention-threshold,5,true,3,5,true,3,tính,0.28571611642837524,0.0713442862033844,false,false,CORRECT_RANK_BUT_GATE_REJECT
sms-real-059,ALL_UNACCENTED,Cuoc phi cuoc goi se duoc tinh theo goi hien tai.,goi,gói,36,39,UNACCENTED_VALID,attention-threshold,11,true,2,8,true,2,gói,0.3956425189971924,0.02649461291730404,true,false,CORRECT_RANK_BUT_GATE_REJECT
sms-real-059,ALL_UNACCENTED,Cuoc phi cuoc goi se duoc tinh theo goi hien tai.,hien,hiện,40,44,UNACCENTED_VALID,attention-threshold,6,true,1,6,true,1,hiện,0.4707064628601074,0.04363393038511276,false,false,CORRECT_RANK_BUT_GATE_REJECT
sms-real-059,ALL_UNACCENTED,Cuoc phi cuoc goi se duoc tinh theo goi hien tai.,tai.,tại.,45,49,UNACCENTED_VALID,attention-threshold,6,true,1,6,true,1,tài,0.23462419211864471,0.07286441326141357,false,false,MODEL_WRONG_CANDIDATE
sms-real-060,ALL_UNACCENTED,Quy khach co the kiem tra dung luong con lai tren ung dung.,Quy,Quý,0,3,UNACCENTED_VALID,attention-threshold,6,true,1,6,true,1,quý,0.3120100796222687,0.08093281835317612,false,false,CORRECT_RANK_BUT_GATE_REJECT
sms-real-060,ALL_UNACCENTED,Quy khach co the kiem tra dung luong con lai tren ung dung.,khach,khách,4,9,UNACCENTED_VALID,,1,true,1,1,true,1,khách,0.7571923136711121,0.24280771613121033,false,false,CORRECT_RANK_BUT_GATE_REJECT
sms-real-060,ALL_UNACCENTED,Quy khach co the kiem tra dung luong con lai tren ung dung.,co,có,10,12,UNACCENTED_VALID,attention-threshold,11,true,1,8,true,1,cờ,0.16130974888801575,0.1418295055627823,false,false,MODEL_WRONG_CANDIDATE
sms-real-060,ALL_UNACCENTED,Quy khach co the kiem tra dung luong con lai tren ung dung.,the,thể,13,16,UNACCENTED_VALID,attention-threshold,9,true,1,8,true,1,thể,0.46468672156333923,0.06714123487472534,false,false,CORRECT_RANK_BUT_GATE_REJECT
sms-real-060,ALL_UNACCENTED,Quy khach co the kiem tra dung luong con lai tren ung dung.,kiem,kiểm,17,21,UNACCENTED_VALID,,5,true,1,5,true,1,kiểm,0.8819292783737183,0.005129289347678423,false,false,CORRECT_RANK_BUT_GATE_REJECT
sms-real-060,ALL_UNACCENTED,Quy khach co the kiem tra dung luong con lai tren ung dung.,luong,lượng,31,36,UNACCENTED_VALID,,11,true,1,8,true,1,lượng,0.9676754474639893,0.0019416053546592593,false,false,CORRECT_RANK_BUT_GATE_REJECT
sms-real-060,ALL_UNACCENTED,Quy khach co the kiem tra dung luong con lai tren ung dung.,con,còn,37,40,UNACCENTED_VALID,attention-threshold,11,true,1,8,true,1,còn,0.3730127513408661,0.20199187099933624,false,false,CORRECT_RANK_BUT_GATE_REJECT
sms-real-060,ALL_UNACCENTED,Quy khach co the kiem tra dung luong con lai tren ung dung.,lai,lại,41,44,UNACCENTED_VALID,attention-threshold,6,true,1,6,true,1,lại,0.448481023311615,0.18758492171764374,false,false,CORRECT_RANK_BUT_GATE_REJECT
sms-real-060,ALL_UNACCENTED,Quy khach co the kiem tra dung luong con lai tren ung dung.,tren,trên,45,49,UNACCENTED_VALID,,7,true,1,7,true,1,trên,0.7160539627075195,0.022175664082169533,true,true,CORRECT_EMIT
sms-real-060,ALL_UNACCENTED,Quy khach co the kiem tra dung luong con lai tren ung dung.,ung,ứng,50,53,UNACCENTED_VALID,attention-threshold,11,true,1,8,true,1,ứng,0.2691619098186493,0.26410818099975586,false,false,CORRECT_RANK_BUT_GATE_REJECT
sms-real-060,ALL_UNACCENTED,Quy khach co the kiem tra dung luong con lai tren ung dung.,dung.,dụng.,54,59,UNACCENTED_VALID,attention-kept-original,11,true,1,8,true,1,dung,0.5130354166030884,0.5130354166030884,false,false,MODEL_KEEP_ERROR
sms-real-061,ALL_UNACCENTED,Hoa don thang nay cao hon thang truoc do muc tieu thu tang.,Hoa,Hóa,0,3,UNACCENTED_VALID,attention-threshold,8,true,1,8,true,1,hóa,0.16466963291168213,0.08065029978752136,false,false,CORRECT_RANK_BUT_GATE_REJECT
sms-real-061,ALL_UNACCENTED,Hoa don thang nay cao hon thang truoc do muc tieu thu tang.,don,đơn,4,7,UNACCENTED_VALID,attention-threshold,11,true,1,8,true,1,đón,0.377257764339447,0.03794223070144653,false,false,MODEL_WRONG_CANDIDATE
sms-real-061,ALL_UNACCENTED,Hoa don thang nay cao hon thang truoc do muc tieu thu tang.,thang,tháng,8,13,UNACCENTED_VALID,,9,true,1,8,true,1,tháng,0.6557280421257019,0.036069318652153015,false,false,CORRECT_RANK_BUT_GATE_REJECT
sms-real-061,ALL_UNACCENTED,Hoa don thang nay cao hon thang truoc do muc tieu thu tang.,nay,này,14,17,UNACCENTED_VALID,,10,true,1,8,true,1,này,0.6782783269882202,0.1710047423839569,true,true,CORRECT_EMIT
sms-real-061,ALL_UNACCENTED,Hoa don thang nay cao hon thang truoc do muc tieu thu tang.,hon,hơn,22,25,UNACCENTED_VALID,,11,true,1,8,true,1,hơn,0.9485771059989929,0.002104086335748434,false,false,CORRECT_RANK_BUT_GATE_REJECT
sms-real-061,ALL_UNACCENTED,Hoa don thang nay cao hon thang truoc do muc tieu thu tang.,thang,tháng,26,31,UNACCENTED_VALID,attention-threshold,9,true,1,8,true,1,thắng,0.15217621624469757,0.08472026884555817,false,false,MODEL_WRONG_CANDIDATE
sms-real-061,ALL_UNACCENTED,Hoa don thang nay cao hon thang truoc do muc tieu thu tang.,truoc,trước,32,37,UNACCENTED_VALID,,4,true,1,4,true,1,trước,0.8811107277870178,0.020845768973231316,true,true,CORRECT_EMIT
sms-real-061,ALL_UNACCENTED,Hoa don thang nay cao hon thang truoc do muc tieu thu tang.,muc,mức,41,44,UNACCENTED_VALID,attention-threshold,5,true,1,5,true,1,mức,0.4827549159526825,0.016739878803491592,true,false,CORRECT_RANK_BUT_GATE_REJECT
sms-real-061,ALL_UNACCENTED,Hoa don thang nay cao hon thang truoc do muc tieu thu tang.,tieu,tiêu,45,49,UNACCENTED_VALID,,7,true,1,7,true,1,tiêu,0.8259871006011963,0.016629153862595558,false,false,CORRECT_RANK_BUT_GATE_REJECT
sms-real-061,ALL_UNACCENTED,Hoa don thang nay cao hon thang truoc do muc tieu thu tang.,thu,thụ,50,53,UNACCENTED_VALID,attention-kept-original,9,true,4,8,true,5,thu,0.2565609812736511,0.2565609812736511,false,false,MODEL_KEEP_ERROR
sms-real-061,ALL_UNACCENTED,Hoa don thang nay cao hon thang truoc do muc tieu thu tang.,tang.,tăng.,54,59,UNACCENTED_VALID,attention-threshold,11,true,1,8,true,1,tặng,0.311532199382782,0.1338527500629425,false,false,MODEL_WRONG_CANDIDATE
sms-real-062,ALL_UNACCENTED,Vui long kiem tra chi so cong to truoc khi thanh toan.,long,lòng,4,8,UNACCENTED_VALID,,11,true,1,8,true,1,lòng,0.8136970400810242,0.020925970748066902,true,true,CORRECT_EMIT
sms-real-062,ALL_UNACCENTED,Vui long kiem tra chi so cong to truoc khi thanh toan.,kiem,kiểm,9,13,UNACCENTED_VALID,,5,true,1,5,true,1,kiểm,0.9873213171958923,0.00050930812722072,false,false,CORRECT_RANK_BUT_GATE_REJECT
sms-real-062,ALL_UNACCENTED,Vui long kiem tra chi so cong to truoc khi thanh toan.,chi,chỉ,18,21,UNACCENTED_VALID,,4,true,1,4,true,1,chỉ,0.7492109537124634,0.1709565669298172,true,true,CORRECT_EMIT
sms-real-062,ALL_UNACCENTED,Vui long kiem tra chi so cong to truoc khi thanh toan.,so,số,22,24,UNACCENTED_VALID,attention-threshold,11,true,1,8,true,1,số,0.36732032895088196,0.14573609828948975,false,false,CORRECT_RANK_BUT_GATE_REJECT
sms-real-062,ALL_UNACCENTED,Vui long kiem tra chi so cong to truoc khi thanh toan.,cong,công,25,29,UNACCENTED_VALID,attention-threshold,9,true,1,8,true,1,công,0.28456228971481323,0.04340177774429321,false,false,CORRECT_RANK_BUT_GATE_REJECT
sms-real-062,ALL_UNACCENTED,Vui long kiem tra chi so cong to truoc khi thanh toan.,to,tơ,30,32,UNACCENTED_VALID,attention-threshold,11,true,6,8,true,7,tơ,0.1735796332359314,0.04701327532529831,false,false,CORRECT_RANK_BUT_GATE_REJECT
sms-real-062,ALL_UNACCENTED,Vui long kiem tra chi so cong to truoc khi thanh toan.,truoc,trước,33,38,UNACCENTED_VALID,,4,true,1,4,true,1,trước,0.988165557384491,0.0013267338508740067,true,true,CORRECT_EMIT
sms-real-062,ALL_UNACCENTED,Vui long kiem tra chi so cong to truoc khi thanh toan.,toan.,toán.,49,54,UNACCENTED_VALID,,3,true,2,3,true,2,toán,0.9897508025169373,0.0007055254536680877,true,true,CORRECT_EMIT
sms-real-063,ALL_UNACCENTED,Lich bao tri dien du kien keo dai hai gio.,Lich,Lịch,0,4,UNACCENTED_VALID,,2,true,1,2,true,1,lịch,0.8362480998039246,0.05775056406855583,true,true,CORRECT_EMIT
sms-real-063,ALL_UNACCENTED,Lich bao tri dien du kien keo dai hai gio.,bao,bảo,5,8,UNACCENTED_VALID,,5,true,1,5,true,1,báo,0.5460843443870544,0.0318024680018425,false,false,MODEL_WRONG_CANDIDATE
sms-real-063,ALL_UNACCENTED,Lich bao tri dien du kien keo dai hai gio.,tri,trì,9,12,UNACCENTED_VALID,attention-threshold,5,true,3,5,true,3,trì,0.20532625913619995,0.11879916489124298,false,false,CORRECT_RANK_BUT_GATE_REJECT
sms-real-063,ALL_UNACCENTED,Lich bao tri dien du kien keo dai hai gio.,dien,điện,13,17,UNACCENTED_VALID,attention-threshold,11,true,1,8,true,1,diện,0.2592357397079468,0.020310701802372932,false,false,MODEL_WRONG_CANDIDATE
sms-real-063,ALL_UNACCENTED,Lich bao tri dien du kien keo dai hai gio.,du,dự,18,20,UNACCENTED_VALID,attention-threshold,11,true,1,8,true,1,dụ,0.24762806296348572,0.07057737559080124,false,false,MODEL_WRONG_CANDIDATE
sms-real-063,ALL_UNACCENTED,Lich bao tri dien du kien keo dai hai gio.,kien,kiến,21,25,UNACCENTED_VALID,attention-threshold,6,true,1,6,true,1,kiên,0.4643727242946625,0.042118582874536514,false,false,MODEL_WRONG_CANDIDATE
sms-real-063,ALL_UNACCENTED,Lich bao tri dien du kien keo dai hai gio.,keo,kéo,26,29,UNACCENTED_VALID,attention-threshold,5,true,1,5,true,1,kèo,0.2202332466840744,0.12776701152324677,false,false,MODEL_WRONG_CANDIDATE
sms-real-063,ALL_UNACCENTED,Lich bao tri dien du kien keo dai hai gio.,dai,dài,30,33,UNACCENTED_VALID,attention-threshold,11,true,2,8,true,2,dài,0.4872538149356842,0.03988444060087204,false,false,CORRECT_RANK_BUT_GATE_REJECT
sms-real-063,ALL_UNACCENTED,Lich bao tri dien du kien keo dai hai gio.,gio.,giờ.,38,42,UNACCENTED_VALID,,11,true,1,8,true,1,giờ,0.5744689106941223,0.0355965793132782,false,false,CORRECT_RANK_BUT_GATE_REJECT
sms-real-064,ALL_UNACCENTED,He thong da ghi nhan khoan thanh toan cua khach hang.,He,Hệ,0,2,UNACCENTED_VALID,attention-threshold,10,true,1,8,true,1,hê,0.17183071374893188,0.08731074631214142,false,false,MODEL_WRONG_CANDIDATE
sms-real-064,ALL_UNACCENTED,He thong da ghi nhan khoan thanh toan cua khach hang.,thong,thống,3,8,UNACCENTED_VALID,attention-threshold,8,true,2,8,true,2,thống,0.298059344291687,0.06042644754052162,false,false,CORRECT_RANK_BUT_GATE_REJECT
sms-real-064,ALL_UNACCENTED,He thong da ghi nhan khoan thanh toan cua khach hang.,da,đã,9,11,UNACCENTED_VALID,attention-threshold,11,true,1,8,true,1,đá,0.3500560522079468,0.0617549866437912,false,false,MODEL_WRONG_CANDIDATE
sms-real-064,ALL_UNACCENTED,He thong da ghi nhan khoan thanh toan cua khach hang.,nhan,nhận,16,20,UNACCENTED_VALID,,11,true,2,8,true,2,nhận,0.7660565376281738,0.006005221977829933,true,false,CORRECT_RANK_BUT_GATE_REJECT
sms-real-064,ALL_UNACCENTED,He thong da ghi nhan khoan thanh toan cua khach hang.,khoan,khoản,21,26,UNACCENTED_VALID,attention-threshold,5,true,1,5,true,1,khoản,0.4442054331302643,0.06952023506164551,false,false,CORRECT_RANK_BUT_GATE_REJECT
sms-real-064,ALL_UNACCENTED,He thong da ghi nhan khoan thanh toan cua khach hang.,toan,toán,33,37,UNACCENTED_VALID,,3,true,2,3,true,2,toán,0.9578918814659119,0.0036270786076784134,true,true,CORRECT_EMIT
sms-real-064,ALL_UNACCENTED,He thong da ghi nhan khoan thanh toan cua khach hang.,cua,của,38,41,UNACCENTED_VALID,attention-threshold,11,true,1,8,true,1,của,0.437155157327652,0.052257392555475235,false,false,CORRECT_RANK_BUT_GATE_REJECT
sms-real-064,ALL_UNACCENTED,He thong da ghi nhan khoan thanh toan cua khach hang.,khach,khách,42,47,UNACCENTED_VALID,,1,true,1,1,true,1,khách,0.8976800441741943,0.10231997072696686,false,false,CORRECT_RANK_BUT_GATE_REJECT
sms-real-064,ALL_UNACCENTED,He thong da ghi nhan khoan thanh toan cua khach hang.,hang.,hàng.,48,53,UNACCENTED_VALID,attention-threshold,11,true,1,8,true,1,hẫng,0.15722043812274933,0.07026086002588272,false,false,MODEL_WRONG_CANDIDATE
sms-real-065,ALL_UNACCENTED,Thong bao ngung cap nuoc tam thoi vao sang mai.,Thong,Thông,0,5,UNACCENTED_VALID,,8,true,1,8,true,1,thông,0.566757321357727,0.021520690992474556,true,true,CORRECT_EMIT
sms-real-065,ALL_UNACCENTED,Thong bao ngung cap nuoc tam thoi vao sang mai.,bao,báo,6,9,UNACCENTED_VALID,attention-threshold,5,true,2,5,true,2,bảo,0.3600439727306366,0.05975351855158806,false,false,MODEL_WRONG_CANDIDATE
sms-real-065,ALL_UNACCENTED,Thong bao ngung cap nuoc tam thoi vao sang mai.,ngung,ngừng,10,15,UNACCENTED_VALID,attention-threshold,6,true,1,6,true,1,ngừng,0.1741933822631836,0.07952525466680527,false,false,CORRECT_RANK_BUT_GATE_REJECT
sms-real-065,ALL_UNACCENTED,Thong bao ngung cap nuoc tam thoi vao sang mai.,cap,cấp,16,19,UNACCENTED_VALID,attention-threshold,8,true,1,8,true,1,cấp,0.18681733310222626,0.07471651583909988,false,false,CORRECT_RANK_BUT_GATE_REJECT
sms-real-065,ALL_UNACCENTED,Thong bao ngung cap nuoc tam thoi vao sang mai.,nuoc,nước,20,24,UNACCENTED_VALID,,5,true,1,5,true,1,nước,0.5072615146636963,0.06010065972805023,true,true,CORRECT_EMIT
sms-real-065,ALL_UNACCENTED,Thong bao ngung cap nuoc tam thoi vao sang mai.,tam,tạm,25,28,UNACCENTED_VALID,attention-threshold,11,true,2,8,true,2,tạm,0.2627277672290802,0.05449119210243225,false,false,CORRECT_RANK_BUT_GATE_REJECT
sms-real-065,ALL_UNACCENTED,Thong bao ngung cap nuoc tam thoi vao sang mai.,thoi,thời,29,33,UNACCENTED_VALID,attention-threshold,11,true,1,8,true,1,thời,0.1587267518043518,0.06476466357707977,false,false,CORRECT_RANK_BUT_GATE_REJECT
sms-real-065,ALL_UNACCENTED,Thong bao ngung cap nuoc tam thoi vao sang mai.,vao,vào,34,37,UNACCENTED_VALID,,3,true,1,3,true,1,vào,0.7710546255111694,0.044782932847738266,true,true,CORRECT_EMIT
sms-real-065,ALL_UNACCENTED,Thong bao ngung cap nuoc tam thoi vao sang mai.,sang,sáng,38,42,UNACCENTED_VALID,,9,true,1,8,true,1,sáng,0.6694169044494629,0.03248443827033043,true,true,CORRECT_EMIT
sms-real-066,ALL_UNACCENTED,Sinh vien vui long xac nhan lich thi truoc thu Tu.,vien,viên,5,9,UNACCENTED_VALID,,6,true,1,6,true,1,viên,0.9557679891586304,0.0009523833869025111,false,false,CORRECT_RANK_BUT_GATE_REJECT
sms-real-066,ALL_UNACCENTED,Sinh vien vui long xac nhan lich thi truoc thu Tu.,long,lòng,14,18,UNACCENTED_VALID,,11,true,1,8,true,1,lòng,0.8262122273445129,0.015132085420191288,true,true,CORRECT_EMIT
sms-real-066,ALL_UNACCENTED,Sinh vien vui long xac nhan lich thi truoc thu Tu.,xac,xác,19,22,UNACCENTED_VALID,,4,true,1,4,true,1,xác,0.5425254106521606,0.07429245859384537,true,true,CORRECT_EMIT
sms-real-066,ALL_UNACCENTED,Sinh vien vui long xac nhan lich thi truoc thu Tu.,nhan,nhận,23,27,UNACCENTED_VALID,attention-threshold,11,true,2,8,true,2,nhận,0.19905513525009155,0.06710375845432281,false,false,CORRECT_RANK_BUT_GATE_REJECT
sms-real-066,ALL_UNACCENTED,Sinh vien vui long xac nhan lich thi truoc thu Tu.,lich,lịch,28,32,UNACCENTED_VALID,,2,true,1,2,true,1,lịch,0.8866621255874634,0.040180325508117676,true,true,CORRECT_EMIT
sms-real-066,ALL_UNACCENTED,Sinh vien vui long xac nhan lich thi truoc thu Tu.,truoc,trước,37,42,UNACCENTED_VALID,,4,true,1,4,true,1,trước,0.9095603823661804,0.01600991189479828,true,true,CORRECT_EMIT
sms-real-066,ALL_UNACCENTED,Sinh vien vui long xac nhan lich thi truoc thu Tu.,thu,thứ,43,46,UNACCENTED_VALID,attention-threshold,9,true,2,8,true,2,thư,0.16698770225048065,0.08310843259096146,false,false,MODEL_WRONG_CANDIDATE
sms-real-066,ALL_UNACCENTED,Sinh vien vui long xac nhan lich thi truoc thu Tu.,Tu.,Tư.,47,50,UNACCENTED_VALID,capitalized-proper-noun,0,false,,0,false,,,,,false,false,PREFILTERED
sms-real-067,ALL_UNACCENTED,Ket qua dang ky mon hoc da duoc cap nhat.,Ket,Kết,0,3,UNACCENTED_VALID,attention-threshold,6,true,1,6,true,1,kết,0.4882885217666626,0.05464191734790802,false,false,CORRECT_RANK_BUT_GATE_REJECT
sms-real-067,ALL_UNACCENTED,Ket qua dang ky mon hoc da duoc cap nhat.,qua,quả,4,7,UNACCENTED_VALID,attention-threshold,7,true,1,7,true,1,quá,0.17440523207187653,0.08879169076681137,false,false,MODEL_WRONG_CANDIDATE
sms-real-067,ALL_UNACCENTED,Ket qua dang ky mon hoc da duoc cap nhat.,dang,đăng,8,12,UNACCENTED_VALID,attention-threshold,12,true,3,8,true,3,đảng,0.3774363398551941,0.01118544302880764,false,false,MODEL_WRONG_CANDIDATE
sms-real-067,ALL_UNACCENTED,Ket qua dang ky mon hoc da duoc cap nhat.,ky,ký,13,15,UNACCENTED_VALID,attention-threshold,5,true,2,5,true,2,ký,0.2694929838180542,0.12658633291721344,false,false,CORRECT_RANK_BUT_GATE_REJECT
sms-real-067,ALL_UNACCENTED,Ket qua dang ky mon hoc da duoc cap nhat.,mon,môn,16,19,UNACCENTED_VALID,attention-threshold,10,true,1,8,true,1,mơn,0.17593084275722504,0.08776724338531494,false,false,MODEL_WRONG_CANDIDATE
sms-real-067,ALL_UNACCENTED,Ket qua dang ky mon hoc da duoc cap nhat.,hoc,học,20,23,UNACCENTED_VALID,,4,true,1,4,true,1,học,0.7607830166816711,0.04751896113157272,true,true,CORRECT_EMIT
sms-real-067,ALL_UNACCENTED,Ket qua dang ky mon hoc da duoc cap nhat.,da,đã,24,26,UNACCENTED_VALID,attention-threshold,11,true,1,8,true,1,đá,0.280727356672287,0.11817055940628052,false,false,MODEL_WRONG_CANDIDATE
sms-real-067,ALL_UNACCENTED,Ket qua dang ky mon hoc da duoc cap nhat.,duoc,được,27,31,UNACCENTED_VALID,,8,true,1,8,true,1,được,0.8593308925628662,0.009347262792289257,true,true,CORRECT_EMIT
sms-real-067,ALL_UNACCENTED,Ket qua dang ky mon hoc da duoc cap nhat.,cap,cập,32,35,UNACCENTED_VALID,attention-threshold,8,true,2,8,true,2,cấp,0.22879308462142944,0.07994697988033295,false,false,MODEL_WRONG_CANDIDATE
sms-real-067,ALL_UNACCENTED,Ket qua dang ky mon hoc da duoc cap nhat.,nhat.,nhật.,36,41,UNACCENTED_VALID,attention-threshold,7,true,2,7,true,2,nhật,0.18589414656162262,0.07402776181697845,false,false,CORRECT_RANK_BUT_GATE_REJECT
sms-real-068,ALL_UNACCENTED,Nha truong se gui thong bao khi co lich hoc moi.,Nha,Nhà,0,3,UNACCENTED_VALID,attention-threshold,8,true,1,8,true,1,nhà,0.15827463567256927,0.09397322684526443,false,false,CORRECT_RANK_BUT_GATE_REJECT
sms-real-068,ALL_UNACCENTED,Nha truong se gui thong bao khi co lich hoc moi.,truong,trường,4,10,UNACCENTED_VALID,attention-threshold,11,true,1,8,true,1,trưởng,0.3437270522117615,0.03720874711871147,false,false,MODEL_WRONG_CANDIDATE
sms-real-068,ALL_UNACCENTED,Nha truong se gui thong bao khi co lich hoc moi.,se,sẽ,11,13,UNACCENTED_VALID,attention-threshold,8,true,1,8,true,1,sê,0.20699523389339447,0.07990311831235886,false,false,MODEL_WRONG_CANDIDATE
sms-real-068,ALL_UNACCENTED,Nha truong se gui thong bao khi co lich hoc moi.,gui,gửi,14,17,UNACCENTED_VALID,attention-threshold,7,true,1,7,true,1,gủi,0.16288815438747406,0.0793536901473999,false,false,MODEL_WRONG_CANDIDATE
sms-real-068,ALL_UNACCENTED,Nha truong se gui thong bao khi co lich hoc moi.,thong,thông,18,23,UNACCENTED_VALID,,8,true,1,8,true,1,thông,0.5461835265159607,0.026895344257354736,true,true,CORRECT_EMIT
sms-real-068,ALL_UNACCENTED,Nha truong se gui thong bao khi co lich hoc moi.,bao,báo,24,27,UNACCENTED_VALID,attention-threshold,5,true,2,5,true,2,bảo,0.32615935802459717,0.061427924782037735,false,false,MODEL_WRONG_CANDIDATE
sms-real-068,ALL_UNACCENTED,Nha truong se gui thong bao khi co lich hoc moi.,co,có,32,34,UNACCENTED_VALID,attention-threshold,11,true,1,8,true,1,có,0.395376980304718,0.04074934124946594,false,false,CORRECT_RANK_BUT_GATE_REJECT
sms-real-068,ALL_UNACCENTED,Nha truong se gui thong bao khi co lich hoc moi.,lich,lịch,35,39,UNACCENTED_VALID,,2,true,1,2,true,1,lịch,0.5710741281509399,0.1606546938419342,true,true,CORRECT_EMIT
sms-real-068,ALL_UNACCENTED,Nha truong se gui thong bao khi co lich hoc moi.,hoc,học,40,43,UNACCENTED_VALID,attention-threshold,4,true,1,4,true,1,học,0.41647061705589294,0.12025395780801773,false,false,CORRECT_RANK_BUT_GATE_REJECT
sms-real-068,ALL_UNACCENTED,Nha truong se gui thong bao khi co lich hoc moi.,moi.,mới.,44,48,UNACCENTED_VALID,attention-threshold,11,true,1,8,true,1,mời,0.1714521050453186,0.06589418649673462,false,false,MODEL_WRONG_CANDIDATE
sms-real-069,ALL_UNACCENTED,Hoc vien can hoan thanh bai kiem tra truoc cuoi tuan.,Hoc,Học,0,3,UNACCENTED_VALID,attention-threshold,4,true,1,4,true,1,học,0.42243942618370056,0.11799560487270355,false,false,CORRECT_RANK_BUT_GATE_REJECT
sms-real-069,ALL_UNACCENTED,Hoc vien can hoan thanh bai kiem tra truoc cuoi tuan.,vien,viên,4,8,UNACCENTED_VALID,attention-threshold,6,true,1,6,true,1,viên,0.3394872546195984,0.03598271682858467,false,false,CORRECT_RANK_BUT_GATE_REJECT
sms-real-069,ALL_UNACCENTED,Hoc vien can hoan thanh bai kiem tra truoc cuoi tuan.,can,cần,9,12,UNACCENTED_VALID,attention-threshold,11,true,1,8,true,1,cần,0.21610379219055176,0.0658227875828743,false,false,CORRECT_RANK_BUT_GATE_REJECT
sms-real-069,ALL_UNACCENTED,Hoc vien can hoan thanh bai kiem tra truoc cuoi tuan.,hoan,hoàn,13,17,UNACCENTED_VALID,attention-threshold,6,true,1,6,true,1,hoàn,0.3864248991012573,0.29122471809387207,false,false,CORRECT_RANK_BUT_GATE_REJECT
sms-real-069,ALL_UNACCENTED,Hoc vien can hoan thanh bai kiem tra truoc cuoi tuan.,thanh,thành,18,23,UNACCENTED_VALID,attention-kept-original,4,true,1,4,true,1,thanh,0.3927420377731323,0.3927420377731323,false,false,MODEL_KEEP_ERROR
sms-real-069,ALL_UNACCENTED,Hoc vien can hoan thanh bai kiem tra truoc cuoi tuan.,bai,bài,24,27,UNACCENTED_VALID,attention-threshold,5,true,1,5,true,1,bài,0.4307588040828705,0.04613400250673294,false,false,CORRECT_RANK_BUT_GATE_REJECT
sms-real-069,ALL_UNACCENTED,Hoc vien can hoan thanh bai kiem tra truoc cuoi tuan.,kiem,kiểm,28,32,UNACCENTED_VALID,,5,true,1,5,true,1,kiểm,0.6999413371086121,0.012307900935411453,false,false,CORRECT_RANK_BUT_GATE_REJECT
sms-real-069,ALL_UNACCENTED,Hoc vien can hoan thanh bai kiem tra truoc cuoi tuan.,truoc,trước,37,42,UNACCENTED_VALID,,4,true,1,4,true,1,trước,0.7422945499420166,0.045741964131593704,true,true,CORRECT_EMIT
sms-real-069,ALL_UNACCENTED,Hoc vien can hoan thanh bai kiem tra truoc cuoi tuan.,cuoi,cuối,43,47,UNACCENTED_VALID,attention-threshold,11,true,1,8,true,1,cười,0.16195017099380493,0.08924224972724915,false,false,MODEL_WRONG_CANDIDATE
sms-real-069,ALL_UNACCENTED,Hoc vien can hoan thanh bai kiem tra truoc cuoi tuan.,tuan.,tuần.,48,53,UNACCENTED_VALID,attention-threshold,6,true,1,6,true,1,tuần,0.1689220815896988,0.08611605316400528,false,false,CORRECT_RANK_BUT_GATE_REJECT
sms-real-070,ALL_UNACCENTED,Lop hoc truc tuyen bat dau vao tam gio toi.,Lop,Lớp,0,3,UNACCENTED_VALID,attention-threshold,6,true,1,6,true,1,lốp,0.19671544432640076,0.0898275375366211,false,false,MODEL_WRONG_CANDIDATE
sms-real-070,ALL_UNACCENTED,Lop hoc truc tuyen bat dau vao tam gio toi.,hoc,học,4,7,UNACCENTED_VALID,attention-threshold,4,true,1,4,true,1,học,0.3586810827255249,0.11446259915828705,false,false,CORRECT_RANK_BUT_GATE_REJECT
sms-real-070,ALL_UNACCENTED,Lop hoc truc tuyen bat dau vao tam gio toi.,truc,trực,8,12,UNACCENTED_VALID,attention-threshold,5,true,1,5,true,1,trúc,0.2500525116920471,0.11905147135257721,false,false,MODEL_WRONG_CANDIDATE
sms-real-070,ALL_UNACCENTED,Lop hoc truc tuyen bat dau vao tam gio toi.,tuyen,tuyến,13,18,UNACCENTED_VALID,attention-threshold,5,true,2,5,true,1,tuyền,0.20786793529987335,0.09037453681230545,false,false,MODEL_WRONG_CANDIDATE
sms-real-070,ALL_UNACCENTED,Lop hoc truc tuyen bat dau vao tam gio toi.,bat,bắt,19,22,UNACCENTED_VALID,attention-threshold,8,true,2,8,true,2,bật,0.14332205057144165,0.07250889390707016,false,false,MODEL_WRONG_CANDIDATE
sms-real-070,ALL_UNACCENTED,Lop hoc truc tuyen bat dau vao tam gio toi.,dau,đầu,23,26,UNACCENTED_VALID,attention-threshold,12,true,1,8,true,1,đầu,0.26923179626464844,0.07088501751422882,false,false,CORRECT_RANK_BUT_GATE_REJECT
sms-real-070,ALL_UNACCENTED,Lop hoc truc tuyen bat dau vao tam gio toi.,vao,vào,27,30,UNACCENTED_VALID,,3,true,1,3,true,1,vào,0.7738145589828491,0.04225922003388405,true,true,CORRECT_EMIT
sms-real-070,ALL_UNACCENTED,Lop hoc truc tuyen bat dau vao tam gio toi.,tam,tám,31,34,UNACCENTED_VALID,attention-threshold,11,true,5,8,true,5,tạm,0.2062835693359375,0.06815069913864136,false,false,MODEL_WRONG_CANDIDATE
sms-real-070,ALL_UNACCENTED,Lop hoc truc tuyen bat dau vao tam gio toi.,gio,giờ,35,38,UNACCENTED_VALID,attention-threshold,11,true,1,8,true,1,giờ,0.1684371531009674,0.07550935447216034,false,false,CORRECT_RANK_BUT_GATE_REJECT
sms-real-070,ALL_UNACCENTED,Lop hoc truc tuyen bat dau vao tam gio toi.,toi.,tối.,39,43,UNACCENTED_VALID,attention-threshold,11,true,4,8,true,3,tôi,0.150406152009964,0.052725356072187424,false,false,MODEL_WRONG_CANDIDATE
sms-real-071,ALL_UNACCENTED,Ban vui long xac nhan lai lich tai kham.,Ban,Bạn,0,3,UNACCENTED_VALID,attention-threshold,11,true,4,8,true,2,bạn,0.35524341464042664,0.03049839660525322,false,false,CORRECT_RANK_BUT_GATE_REJECT
sms-real-071,ALL_UNACCENTED,Ban vui long xac nhan lai lich tai kham.,long,lòng,8,12,UNACCENTED_VALID,,11,true,1,8,true,1,lòng,0.8644193410873413,0.01571686379611492,true,true,CORRECT_EMIT
sms-real-071,ALL_UNACCENTED,Ban vui long xac nhan lai lich tai kham.,xac,xác,13,16,UNACCENTED_VALID,,4,true,1,4,true,1,xác,0.5877038836479187,0.06879961490631104,true,true,CORRECT_EMIT
sms-real-071,ALL_UNACCENTED,Ban vui long xac nhan lai lich tai kham.,nhan,nhận,17,21,UNACCENTED_VALID,attention-threshold,11,true,2,8,true,2,nhận,0.18886719644069672,0.0659777820110321,false,false,CORRECT_RANK_BUT_GATE_REJECT
sms-real-071,ALL_UNACCENTED,Ban vui long xac nhan lai lich tai kham.,lai,lại,22,25,UNACCENTED_VALID,attention-threshold,6,true,1,6,true,1,lãi,0.27056920528411865,0.07716391235589981,false,false,MODEL_WRONG_CANDIDATE
sms-real-071,ALL_UNACCENTED,Ban vui long xac nhan lai lich tai kham.,lich,lịch,26,30,UNACCENTED_VALID,,2,true,1,2,true,1,lịch,0.9193047881126404,0.028535516932606697,true,true,CORRECT_EMIT
sms-real-071,ALL_UNACCENTED,Ban vui long xac nhan lai lich tai kham.,tai,tái,31,34,UNACCENTED_VALID,attention-threshold,6,true,4,6,true,5,tài,0.2553431987762451,0.0907798483967781,false,false,MODEL_WRONG_CANDIDATE
sms-real-071,ALL_UNACCENTED,Ban vui long xac nhan lai lich tai kham.,kham.,khám.,35,40,UNACCENTED_VALID,,9,true,1,8,true,1,khám,0.770466148853302,0.02610749937593937,false,false,CORRECT_RANK_BUT_GATE_REJECT
sms-real-072,ALL_UNACCENTED,Bac si khuyen nghi uong thuoc dung gio moi ngay.,Bac,Bác,0,3,UNACCENTED_VALID,attention-threshold,7,true,2,7,true,1,bạc,0.19173786044120789,0.07940901815891266,false,false,MODEL_WRONG_CANDIDATE
sms-real-072,ALL_UNACCENTED,Bac si khuyen nghi uong thuoc dung gio moi ngay.,si,sĩ,4,6,UNACCENTED_VALID,attention-threshold,5,true,1,5,true,1,sĩ,0.4040128290653229,0.09895335137844086,false,false,CORRECT_RANK_BUT_GATE_REJECT
sms-real-072,ALL_UNACCENTED,Bac si khuyen nghi uong thuoc dung gio moi ngay.,khuyen,khuyến,7,13,UNACCENTED_VALID,attention-threshold,4,true,1,4,true,1,khuyến,0.3446219563484192,0.09161590039730072,false,false,CORRECT_RANK_BUT_GATE_REJECT
sms-real-072,ALL_UNACCENTED,Bac si khuyen nghi uong thuoc dung gio moi ngay.,nghi,nghị,14,18,UNACCENTED_VALID,attention-threshold,4,true,1,4,true,1,nghị,0.28633585572242737,0.12036806344985962,false,false,CORRECT_RANK_BUT_GATE_REJECT
sms-real-072,ALL_UNACCENTED,Bac si khuyen nghi uong thuoc dung gio moi ngay.,uong,uống,19,23,UNACCENTED_VALID,attention-threshold,10,true,2,8,true,2,uống,0.3433603048324585,0.04749549925327301,false,false,CORRECT_RANK_BUT_GATE_REJECT
sms-real-072,ALL_UNACCENTED,Bac si khuyen nghi uong thuoc dung gio moi ngay.,thuoc,thuốc,24,29,UNACCENTED_VALID,attention-threshold,5,true,2,5,true,1,thuốc,0.41021397709846497,0.07682179659605026,false,false,CORRECT_RANK_BUT_GATE_REJECT
sms-real-072,ALL_UNACCENTED,Bac si khuyen nghi uong thuoc dung gio moi ngay.,dung,đúng,30,34,UNACCENTED_VALID,attention-threshold,11,true,4,8,true,5,dùng,0.18405240774154663,0.12276861071586609,false,false,MODEL_WRONG_CANDIDATE
sms-real-072,ALL_UNACCENTED,Bac si khuyen nghi uong thuoc dung gio moi ngay.,gio,giờ,35,38,UNACCENTED_VALID,attention-threshold,11,true,1,8,true,1,giơ,0.15847747027873993,0.07214142382144928,false,false,MODEL_WRONG_CANDIDATE
sms-real-072,ALL_UNACCENTED,Bac si khuyen nghi uong thuoc dung gio moi ngay.,moi,mỗi,39,42,UNACCENTED_VALID,attention-threshold,11,true,3,8,true,2,mời,0.2706325650215149,0.03719630464911461,false,false,MODEL_WRONG_CANDIDATE
sms-real-072,ALL_UNACCENTED,Bac si khuyen nghi uong thuoc dung gio moi ngay.,ngay.,ngày.,43,48,UNACCENTED_VALID,attention-threshold,7,true,1,7,true,1,ngày,0.24783621728420258,0.19226497411727905,false,false,CORRECT_RANK_BUT_GATE_REJECT
sms-real-073,ALL_UNACCENTED,Ket qua kham suc khoe da duoc cap nhat.,Ket,Kết,0,3,UNACCENTED_VALID,,6,true,1,6,true,1,kết,0.5684567093849182,0.05158295854926109,false,false,CORRECT_RANK_BUT_GATE_REJECT
sms-real-073,ALL_UNACCENTED,Ket qua kham suc khoe da duoc cap nhat.,qua,quả,4,7,UNACCENTED_VALID,attention-threshold,7,true,1,7,true,1,quá,0.3789301812648773,0.07187610119581223,false,false,MODEL_WRONG_CANDIDATE
sms-real-073,ALL_UNACCENTED,Ket qua kham suc khoe da duoc cap nhat.,kham,khám,8,12,UNACCENTED_VALID,,9,true,1,8,true,1,khám,0.8858844041824341,0.012803700752556324,false,false,CORRECT_RANK_BUT_GATE_REJECT
sms-real-073,ALL_UNACCENTED,Ket qua kham suc khoe da duoc cap nhat.,suc,sức,13,16,UNACCENTED_VALID,attention-threshold,5,true,1,5,true,1,sức,0.28858810663223267,0.0745222270488739,false,false,CORRECT_RANK_BUT_GATE_REJECT
sms-real-073,ALL_UNACCENTED,Ket qua kham suc khoe da duoc cap nhat.,khoe,khỏe,17,21,UNACCENTED_VALID,attention-threshold,3,true,1,3,true,1,khỏe,0.4654833674430847,0.2702952027320862,false,false,CORRECT_RANK_BUT_GATE_REJECT
sms-real-073,ALL_UNACCENTED,Ket qua kham suc khoe da duoc cap nhat.,da,đã,22,24,UNACCENTED_VALID,attention-kept-original,11,true,1,8,true,1,da,0.3104396164417267,0.3104396164417267,false,false,MODEL_KEEP_ERROR
sms-real-073,ALL_UNACCENTED,Ket qua kham suc khoe da duoc cap nhat.,duoc,được,25,29,UNACCENTED_VALID,,8,true,1,8,true,1,được,0.8253461122512817,0.012091407552361488,true,true,CORRECT_EMIT
sms-real-073,ALL_UNACCENTED,Ket qua kham suc khoe da duoc cap nhat.,cap,cập,30,33,UNACCENTED_VALID,attention-threshold,8,true,2,8,true,2,cấp,0.2144048810005188,0.07914882153272629,false,false,MODEL_WRONG_CANDIDATE
sms-real-073,ALL_UNACCENTED,Ket qua kham suc khoe da duoc cap nhat.,nhat.,nhật.,34,39,UNACCENTED_VALID,attention-threshold,7,true,2,7,true,2,nhất,0.19467048346996307,0.06795758008956909,false,false,MODEL_WRONG_CANDIDATE
sms-real-074,ALL_UNACCENTED,Vui long khong an truoc khi thuc hien xet nghiem.,long,lòng,4,8,UNACCENTED_VALID,,11,true,1,8,true,1,lòng,0.81280517578125,0.020758112892508507,true,true,CORRECT_EMIT
sms-real-074,ALL_UNACCENTED,Vui long khong an truoc khi thuc hien xet nghiem.,khong,không,9,14,UNACCENTED_VALID,,7,true,1,7,true,1,không,0.9616676568984985,0.0027000948321074247,true,true,CORRECT_EMIT
sms-real-074,ALL_UNACCENTED,Vui long khong an truoc khi thuc hien xet nghiem.,an,ăn,15,17,UNACCENTED_VALID,attention-threshold,11,true,2,8,true,2,ần,0.18995963037014008,0.04412602260708809,false,false,MODEL_WRONG_CANDIDATE
sms-real-074,ALL_UNACCENTED,Vui long khong an truoc khi thuc hien xet nghiem.,truoc,trước,18,23,UNACCENTED_VALID,,4,true,1,4,true,1,trước,0.9873001575469971,0.0014730297261849046,true,true,CORRECT_EMIT
sms-real-074,ALL_UNACCENTED,Vui long khong an truoc khi thuc hien xet nghiem.,thuc,thực,28,32,UNACCENTED_VALID,,5,true,1,5,true,1,thực,0.6657261848449707,0.010246440768241882,false,false,CORRECT_RANK_BUT_GATE_REJECT
sms-real-074,ALL_UNACCENTED,Vui long khong an truoc khi thuc hien xet nghiem.,hien,hiện,33,37,UNACCENTED_VALID,attention-threshold,6,true,1,6,true,1,hiền,0.18628732860088348,0.07197174429893494,false,false,MODEL_WRONG_CANDIDATE
sms-real-074,ALL_UNACCENTED,Vui long khong an truoc khi thuc hien xet nghiem.,xet,xét,38,41,UNACCENTED_VALID,attention-threshold,4,true,1,4,true,1,xét,0.4324438273906708,0.08471889048814774,false,false,CORRECT_RANK_BUT_GATE_REJECT
sms-real-074,ALL_UNACCENTED,Vui long khong an truoc khi thuc hien xet nghiem.,nghiem.,nghiệm.,42,49,UNACCENTED_VALID,attention-threshold,3,true,1,3,true,1,nghiệm,0.41597315669059753,0.1140323132276535,false,false,CORRECT_RANK_BUT_GATE_REJECT
sms-real-075,ALL_UNACCENTED,Phong kham se goi lai khi co ket qua chinh thuc.,Phong,Phòng,0,5,UNACCENTED_VALID,attention-threshold,10,true,1,8,true,1,phộng,0.12636326253414154,0.09034698456525803,false,false,MODEL_WRONG_CANDIDATE
sms-real-075,ALL_UNACCENTED,Phong kham se goi lai khi co ket qua chinh thuc.,kham,khám,6,10,UNACCENTED_VALID,,9,true,1,8,true,1,khám,0.7357165217399597,0.03116855025291443,false,false,CORRECT_RANK_BUT_GATE_REJECT
sms-real-075,ALL_UNACCENTED,Phong kham se goi lai khi co ket qua chinh thuc.,se,sẽ,11,13,UNACCENTED_VALID,attention-threshold,8,true,1,8,true,1,sê,0.20913733541965485,0.07978779077529907,false,false,MODEL_WRONG_CANDIDATE
sms-real-075,ALL_UNACCENTED,Phong kham se goi lai khi co ket qua chinh thuc.,goi,gọi,14,17,UNACCENTED_VALID,attention-threshold,11,true,1,8,true,1,gối,0.16774918138980865,0.07557931542396545,false,false,MODEL_WRONG_CANDIDATE
sms-real-075,ALL_UNACCENTED,Phong kham se goi lai khi co ket qua chinh thuc.,lai,lại,18,21,UNACCENTED_VALID,attention-threshold,6,true,1,6,true,1,lại,0.2843029201030731,0.16384246945381165,false,false,CORRECT_RANK_BUT_GATE_REJECT
sms-real-075,ALL_UNACCENTED,Phong kham se goi lai khi co ket qua chinh thuc.,co,có,26,28,UNACCENTED_VALID,attention-threshold,11,true,1,8,true,1,có,0.4453146755695343,0.03870135918259621,false,false,CORRECT_RANK_BUT_GATE_REJECT
sms-real-075,ALL_UNACCENTED,Phong kham se goi lai khi co ket qua chinh thuc.,ket,kết,29,32,UNACCENTED_VALID,attention-threshold,6,true,1,6,true,1,kết,0.4456753134727478,0.050788942724466324,false,false,CORRECT_RANK_BUT_GATE_REJECT
sms-real-075,ALL_UNACCENTED,Phong kham se goi lai khi co ket qua chinh thuc.,qua,quả,33,36,UNACCENTED_VALID,attention-threshold,7,true,1,7,true,1,quá,0.19295892119407654,0.09951881319284439,false,false,MODEL_WRONG_CANDIDATE
sms-real-075,ALL_UNACCENTED,Phong kham se goi lai khi co ket qua chinh thuc.,chinh,chính,37,42,UNACCENTED_VALID,,4,true,1,4,true,1,chính,0.7517389059066772,0.020838774740695953,true,true,CORRECT_EMIT
sms-real-075,ALL_UNACCENTED,Phong kham se goi lai khi co ket qua chinh thuc.,thuc.,thức.,43,48,UNACCENTED_VALID,attention-threshold,5,true,2,5,true,2,thực,0.21275712549686432,0.09148004651069641,false,false,MODEL_WRONG_CANDIDATE
sms-real-076,ALL_UNACCENTED,Chuyen xe cua ban se khoi hanh sau ba muoi phut.,Chuyen,Chuyến,0,6,UNACCENTED_VALID,,6,true,4,6,true,4,chuyến,0.6493604779243469,0.010372200980782509,false,false,CORRECT_RANK_BUT_GATE_REJECT
sms-real-076,ALL_UNACCENTED,Chuyen xe cua ban se khoi hanh sau ba muoi phut.,cua,của,10,13,UNACCENTED_VALID,,11,true,1,8,true,1,của,0.9607860445976257,0.0012846579775214195,true,true,CORRECT_EMIT
sms-real-076,ALL_UNACCENTED,Chuyen xe cua ban se khoi hanh sau ba muoi phut.,ban,bạn,14,17,UNACCENTED_VALID,attention-threshold,11,true,4,8,true,5,bán,0.16989172995090485,0.06182897835969925,false,false,MODEL_WRONG_CANDIDATE
sms-real-076,ALL_UNACCENTED,Chuyen xe cua ban se khoi hanh sau ba muoi phut.,se,sẽ,18,20,UNACCENTED_VALID,,8,true,1,8,true,1,sẽ,0.5332216024398804,0.037034813314676285,false,false,CORRECT_RANK_BUT_GATE_REJECT
sms-real-076,ALL_UNACCENTED,Chuyen xe cua ban se khoi hanh sau ba muoi phut.,khoi,khởi,21,25,UNACCENTED_VALID,attention-threshold,11,true,1,8,true,1,khôi,0.15146946907043457,0.05577540770173073,false,false,MODEL_WRONG_CANDIDATE
sms-real-076,ALL_UNACCENTED,Chuyen xe cua ban se khoi hanh sau ba muoi phut.,hanh,hành,26,30,UNACCENTED_VALID,attention-threshold,5,true,1,5,true,1,hạnh,0.4299776256084442,0.040497805923223495,false,false,MODEL_WRONG_CANDIDATE
sms-real-076,ALL_UNACCENTED,Chuyen xe cua ban se khoi hanh sau ba muoi phut.,muoi,mươi,38,42,UNACCENTED_VALID,,8,true,3,8,true,3,mươi,0.8165236711502075,0.010071425698697567,true,true,CORRECT_EMIT
sms-real-076,ALL_UNACCENTED,Chuyen xe cua ban se khoi hanh sau ba muoi phut.,phut.,phút.,43,48,UNACCENTED_VALID,,2,true,1,2,true,1,phút,0.6683646440505981,0.1155662015080452,false,false,CORRECT_RANK_BUT_GATE_REJECT
sms-real-077,ALL_UNACCENTED,Vui long kiem tra lai thong tin hanh khach tren ve.,long,lòng,4,8,UNACCENTED_VALID,,11,true,1,8,true,1,lòng,0.8110586404800415,0.02089633233845234,true,true,CORRECT_EMIT
sms-real-077,ALL_UNACCENTED,Vui long kiem tra lai thong tin hanh khach tren ve.,kiem,kiểm,9,13,UNACCENTED_VALID,,5,true,1,5,true,1,kiểm,0.9695120453834534,0.0012281578965485096,false,false,CORRECT_RANK_BUT_GATE_REJECT
sms-real-077,ALL_UNACCENTED,Vui long kiem tra lai thong tin hanh khach tren ve.,lai,lại,18,21,UNACCENTED_VALID,attention-threshold,6,true,1,6,true,1,lại,0.47718822956085205,0.03276679292321205,false,false,CORRECT_RANK_BUT_GATE_REJECT
sms-real-077,ALL_UNACCENTED,Vui long kiem tra lai thong tin hanh khach tren ve.,thong,thông,22,27,UNACCENTED_VALID,,8,true,1,8,true,1,thông,0.9736865162849426,0.0017955964431166649,true,true,CORRECT_EMIT
sms-real-077,ALL_UNACCENTED,Vui long kiem tra lai thong tin hanh khach tren ve.,hanh,hành,32,36,UNACCENTED_VALID,attention-threshold,5,true,1,5,true,1,hạnh,0.41299518942832947,0.042981892824172974,false,false,MODEL_WRONG_CANDIDATE
sms-real-077,ALL_UNACCENTED,Vui long kiem tra lai thong tin hanh khach tren ve.,khach,khách,37,42,UNACCENTED_VALID,,1,true,1,1,true,1,khách,0.759681224822998,0.24031880497932434,false,false,CORRECT_RANK_BUT_GATE_REJECT
sms-real-077,ALL_UNACCENTED,Vui long kiem tra lai thong tin hanh khach tren ve.,tren,trên,43,47,UNACCENTED_VALID,attention-threshold,7,true,1,7,true,1,trên,0.2631645202636719,0.058927927166223526,false,false,CORRECT_RANK_BUT_GATE_REJECT
sms-real-077,ALL_UNACCENTED,Vui long kiem tra lai thong tin hanh khach tren ve.,ve.,vé.,48,51,UNACCENTED_VALID,attention-threshold,10,true,4,8,true,3,vé,0.3410746157169342,0.05127573758363724,false,false,CORRECT_RANK_BUT_GATE_REJECT
sms-real-078,ALL_UNACCENTED,Khach san da xac nhan yeu cau nhan phong som.,Khach,Khách,0,5,UNACCENTED_VALID,,1,true,1,1,true,1,khách,0.7816095948219299,0.21839037537574768,false,false,CORRECT_RANK_BUT_GATE_REJECT
sms-real-078,ALL_UNACCENTED,Khach san da xac nhan yeu cau nhan phong som.,san,sạn,6,9,UNACCENTED_VALID,attention-threshold,11,true,4,8,true,5,săn,0.4014208912849426,0.030041731894016266,false,false,MODEL_WRONG_CANDIDATE
sms-real-078,ALL_UNACCENTED,Khach san da xac nhan yeu cau nhan phong som.,da,đã,10,12,UNACCENTED_VALID,attention-threshold,11,true,1,8,true,1,đã,0.19331741333007812,0.11630258709192276,false,false,CORRECT_RANK_BUT_GATE_REJECT
sms-real-078,ALL_UNACCENTED,Khach san da xac nhan yeu cau nhan phong som.,xac,xác,13,16,UNACCENTED_VALID,attention-threshold,4,true,1,4,true,1,xạc,0.28657418489456177,0.131971538066864,false,false,MODEL_WRONG_CANDIDATE
sms-real-078,ALL_UNACCENTED,Khach san da xac nhan yeu cau nhan phong som.,nhan,nhận,17,21,UNACCENTED_VALID,attention-threshold,11,true,2,8,true,2,nhận,0.17309705913066864,0.06880494207143784,false,false,CORRECT_RANK_BUT_GATE_REJECT
sms-real-078,ALL_UNACCENTED,Khach san da xac nhan yeu cau nhan phong som.,yeu,yêu,22,25,UNACCENTED_VALID,,5,true,1,5,true,1,yếu,0.5643790364265442,0.051485978066921234,false,false,MODEL_WRONG_CANDIDATE
sms-real-078,ALL_UNACCENTED,Khach san da xac nhan yeu cau nhan phong som.,cau,cầu,26,29,UNACCENTED_VALID,attention-threshold,11,true,1,8,true,1,cầu,0.1714034229516983,0.07821088284254074,false,false,CORRECT_RANK_BUT_GATE_REJECT
sms-real-078,ALL_UNACCENTED,Khach san da xac nhan yeu cau nhan phong som.,nhan,nhận,30,34,UNACCENTED_VALID,attention-threshold,11,true,2,8,true,2,nhận,0.42190980911254883,0.028359223157167435,true,false,CORRECT_RANK_BUT_GATE_REJECT
sms-real-078,ALL_UNACCENTED,Khach san da xac nhan yeu cau nhan phong som.,phong,phòng,35,40,UNACCENTED_VALID,attention-threshold,10,true,1,8,true,1,phòng,0.13361093401908875,0.08935791254043579,false,false,CORRECT_RANK_BUT_GATE_REJECT
sms-real-078,ALL_UNACCENTED,Khach san da xac nhan yeu cau nhan phong som.,som.,sớm.,41,45,UNACCENTED_VALID,,4,true,1,4,true,1,sớm,0.5292731523513794,0.08742871135473251,false,false,CORRECT_RANK_BUT_GATE_REJECT
sms-real-079,ALL_UNACCENTED,Hanh ly ky gui khong duoc vuot qua gioi han cho phep.,Hanh,Hành,0,4,UNACCENTED_VALID,attention-threshold,5,true,1,5,true,1,hãnh,0.2389061152935028,0.09969223290681839,false,false,MODEL_WRONG_CANDIDATE
sms-real-079,ALL_UNACCENTED,Hanh ly ky gui khong duoc vuot qua gioi han cho phep.,ly,lý,5,7,UNACCENTED_VALID,attention-threshold,5,true,1,5,true,1,lỹ,0.29769015312194824,0.07951956987380981,false,false,MODEL_WRONG_CANDIDATE
sms-real-079,ALL_UNACCENTED,Hanh ly ky gui khong duoc vuot qua gioi han cho phep.,ky,ký,8,10,UNACCENTED_VALID,attention-threshold,5,true,2,5,true,2,kỳ,0.45620712637901306,0.08603769540786743,false,false,MODEL_WRONG_CANDIDATE
sms-real-079,ALL_UNACCENTED,Hanh ly ky gui khong duoc vuot qua gioi han cho phep.,gui,gửi,11,14,UNACCENTED_VALID,attention-threshold,7,true,1,7,true,1,gủi,0.16504265367984772,0.08006124943494797,false,false,MODEL_WRONG_CANDIDATE
sms-real-079,ALL_UNACCENTED,Hanh ly ky gui khong duoc vuot qua gioi han cho phep.,khong,không,15,20,UNACCENTED_VALID,attention-threshold,7,true,1,7,true,1,khống,0.16319695115089417,0.08285768330097198,false,false,MODEL_WRONG_CANDIDATE
sms-real-079,ALL_UNACCENTED,Hanh ly ky gui khong duoc vuot qua gioi han cho phep.,duoc,được,21,25,UNACCENTED_VALID,attention-threshold,8,true,1,8,true,1,được,0.16310136020183563,0.07920879125595093,false,false,CORRECT_RANK_BUT_GATE_REJECT
sms-real-079,ALL_UNACCENTED,Hanh ly ky gui khong duoc vuot qua gioi han cho phep.,vuot,vượt,26,30,UNACCENTED_VALID,,5,true,1,5,true,1,vượt,0.8689854145050049,0.013208365067839622,true,true,CORRECT_EMIT
sms-real-079,ALL_UNACCENTED,Hanh ly ky gui khong duoc vuot qua gioi han cho phep.,qua,quá,31,34,UNACCENTED_VALID,attention-threshold,7,true,2,7,true,2,quá,0.19637641310691833,0.08584557473659515,false,false,CORRECT_RANK_BUT_GATE_REJECT
sms-real-079,ALL_UNACCENTED,Hanh ly ky gui khong duoc vuot qua gioi han cho phep.,gioi,giới,35,39,UNACCENTED_VALID,attention-threshold,9,true,1,8,true,1,giới,0.4651130437850952,0.052191220223903656,false,false,CORRECT_RANK_BUT_GATE_REJECT
sms-real-079,ALL_UNACCENTED,Hanh ly ky gui khong duoc vuot qua gioi han cho phep.,han,hạn,40,43,UNACCENTED_VALID,attention-threshold,11,true,1,8,true,1,hạn,0.29140016436576843,0.03942755609750748,false,false,CORRECT_RANK_BUT_GATE_REJECT
sms-real-079,ALL_UNACCENTED,Hanh ly ky gui khong duoc vuot qua gioi han cho phep.,phep.,phép.,48,53,UNACCENTED_VALID,,1,true,1,1,true,1,phép,0.9937020540237427,0.00629793107509613,true,true,CORRECT_EMIT
sms-real-080,ALL_UNACCENTED,Ban nen co mat tai diem don truoc muoi phut.,Ban,Bạn,0,3,UNACCENTED_VALID,attention-threshold,11,true,4,8,true,5,bán,0.18421094119548798,0.06497872620820999,false,false,MODEL_WRONG_CANDIDATE
sms-real-080,ALL_UNACCENTED,Ban nen co mat tai diem don truoc muoi phut.,nen,nên,4,7,UNACCENTED_VALID,,6,true,1,6,true,1,nên,0.7573717832565308,0.016220904886722565,false,false,CORRECT_RANK_BUT_GATE_REJECT
sms-real-080,ALL_UNACCENTED,Ban nen co mat tai diem don truoc muoi phut.,co,có,8,10,UNACCENTED_VALID,attention-threshold,11,true,1,8,true,1,cờ,0.1754198670387268,0.1528834104537964,false,false,MODEL_WRONG_CANDIDATE
sms-real-080,ALL_UNACCENTED,Ban nen co mat tai diem don truoc muoi phut.,mat,mặt,11,14,UNACCENTED_VALID,attention-threshold,8,true,1,8,true,1,mắt,0.36991652846336365,0.02916417270898819,false,false,MODEL_WRONG_CANDIDATE
sms-real-080,ALL_UNACCENTED,Ban nen co mat tai diem don truoc muoi phut.,tai,tại,15,18,UNACCENTED_VALID,attention-threshold,6,true,1,6,true,1,tải,0.2322704941034317,0.09301424771547318,false,false,MODEL_WRONG_CANDIDATE
sms-real-080,ALL_UNACCENTED,Ban nen co mat tai diem don truoc muoi phut.,diem,điểm,19,23,UNACCENTED_VALID,attention-threshold,11,true,1,8,true,1,điểm,0.2468440681695938,0.07269461452960968,false,false,CORRECT_RANK_BUT_GATE_REJECT
sms-real-080,ALL_UNACCENTED,Ban nen co mat tai diem don truoc muoi phut.,don,đón,24,27,UNACCENTED_VALID,attention-threshold,11,true,2,8,true,2,đôn,0.17358826100826263,0.06827843934297562,false,false,MODEL_WRONG_CANDIDATE
sms-real-080,ALL_UNACCENTED,Ban nen co mat tai diem don truoc muoi phut.,truoc,trước,28,33,UNACCENTED_VALID,attention-threshold,4,true,1,4,true,1,truớc,0.2285584807395935,0.1385132074356079,false,false,MODEL_WRONG_CANDIDATE
sms-real-080,ALL_UNACCENTED,Ban nen co mat tai diem don truoc muoi phut.,muoi,mười,34,38,UNACCENTED_VALID,attention-threshold,8,true,2,8,true,2,mười,0.17007066309452057,0.06603401899337769,false,false,CORRECT_RANK_BUT_GATE_REJECT
sms-real-080,ALL_UNACCENTED,Ban nen co mat tai diem don truoc muoi phut.,phut.,phút.,39,44,UNACCENTED_VALID,,2,true,1,2,true,1,phút,0.6648941040039062,0.11988835781812668,false,false,CORRECT_RANK_BUT_GATE_REJECT
sms-real-081,SOME_UNACCENTED,Vui long xác nhận giao dịch trước khi rời ứng dụng.,long,lòng,4,8,UNACCENTED_VALID,,11,true,1,8,true,1,lòng,0.7898125052452087,0.08316735923290253,true,true,CORRECT_EMIT
sms-real-082,SOME_UNACCENTED,Quý khách da dang ký nhận thông báo biến động số dư.,da,đã,10,12,UNACCENTED_VALID,,11,true,1,8,true,1,đã,0.9104003310203552,0.003956712316721678,false,false,CORRECT_RANK_BUT_GATE_REJECT
sms-real-082,SOME_UNACCENTED,Quý khách da dang ký nhận thông báo biến động số dư.,dang,đăng,13,17,UNACCENTED_VALID,,12,true,3,8,true,3,đăng,0.6985059976577759,0.0023357891477644444,false,false,CORRECT_RANK_BUT_GATE_REJECT
sms-real-083,SOME_UNACCENTED,Mã giao dịch được lưu trong lich su tai khoản.,lich,lịch,28,32,UNACCENTED_VALID,,2,true,1,2,true,1,lịch,0.9768025875091553,0.008157453499734402,true,true,CORRECT_EMIT
sms-real-083,SOME_UNACCENTED,Mã giao dịch được lưu trong lich su tai khoản.,su,sử,33,35,UNACCENTED_VALID,,11,true,2,8,true,2,sử,0.602125346660614,0.022918054834008217,false,false,CORRECT_RANK_BUT_GATE_REJECT
sms-real-083,SOME_UNACCENTED,Mã giao dịch được lưu trong lich su tai khoản.,tai,tài,36,39,UNACCENTED_VALID,,6,true,2,6,true,2,tại,0.8560269474983215,0.0024911228101700544,true,true,MODEL_WRONG_CANDIDATE
sms-real-084,SOME_UNACCENTED,Thẻ mới sẽ được gửi đến dia chỉ đã đăng ký.,dia,địa,24,27,UNACCENTED_VALID,,9,true,1,8,true,1,địa,0.998553991317749,0.00011474688653834164,false,false,CORRECT_RANK_BUT_GATE_REJECT
sms-real-085,SOME_UNACCENTED,San pham mới đang được giảm giá trong hôm nay.,San,Sản,0,3,UNACCENTED_VALID,attention-threshold,11,true,1,8,true,1,săn,0.22997725009918213,0.059802811592817307,false,false,MODEL_WRONG_CANDIDATE
sms-real-085,SOME_UNACCENTED,San pham mới đang được giảm giá trong hôm nay.,pham,phẩm,4,8,UNACCENTED_VALID,attention-threshold,11,true,2,8,true,2,phạm,0.4435332417488098,0.01981213130056858,true,false,MODEL_WRONG_CANDIDATE
sms-real-086,SOME_UNACCENTED,Bạn co the chon hình thức thanh toán khi nhận hàng.,co,có,4,6,UNACCENTED_VALID,,11,true,1,8,true,1,có,0.7180650234222412,0.01355819683521986,true,true,CORRECT_EMIT
sms-real-086,SOME_UNACCENTED,Bạn co the chon hình thức thanh toán khi nhận hàng.,the,thể,7,10,UNACCENTED_VALID,attention-threshold,9,true,1,8,true,1,thể,0.4243307411670685,0.08217620849609375,false,false,CORRECT_RANK_BUT_GATE_REJECT
sms-real-086,SOME_UNACCENTED,Bạn co the chon hình thức thanh toán khi nhận hàng.,chon,chọn,11,15,UNACCENTED_VALID,,9,true,1,8,true,1,chọn,0.8827279806137085,0.008868660777807236,true,true,CORRECT_EMIT
sms-real-087,SOME_UNACCENTED,Cửa hàng da cập nhật trạng thái đơn của bạn.,da,đã,9,11,UNACCENTED_VALID,,11,true,1,8,true,1,đã,0.9598568677902222,0.008870504796504974,false,false,CORRECT_RANK_BUT_GATE_REJECT
sms-real-088,SOME_UNACCENTED,Phiếu bảo hành được gửi kèm theo san pham.,san,sản,33,36,UNACCENTED_VALID,attention-threshold,11,true,1,8,true,1,sản,0.43995484709739685,0.031046027317643166,false,false,CORRECT_RANK_BUT_GATE_REJECT
sms-real-088,SOME_UNACCENTED,Phiếu bảo hành được gửi kèm theo san pham.,pham.,phẩm.,37,42,UNACCENTED_VALID,attention-threshold,11,true,2,8,true,2,phẩm,0.21487058699131012,0.0627531185746193,false,false,CORRECT_RANK_BUT_GATE_REJECT
sms-real-089,SOME_UNACCENTED,Nhan vien giao hang sẽ gọi cho bạn trước khi đến.,Nhan,Nhân,0,4,UNACCENTED_VALID,attention-threshold,11,true,1,8,true,1,nhận,0.20406204462051392,0.06673779338598251,false,false,MODEL_WRONG_CANDIDATE
sms-real-089,SOME_UNACCENTED,Nhan vien giao hang sẽ gọi cho bạn trước khi đến.,vien,viên,5,9,UNACCENTED_VALID,attention-threshold,6,true,1,6,true,1,viên,0.42061930894851685,0.016691038385033607,false,false,CORRECT_RANK_BUT_GATE_REJECT
sms-real-089,SOME_UNACCENTED,Nhan vien giao hang sẽ gọi cho bạn trước khi đến.,hang,hàng,15,19,UNACCENTED_VALID,,11,true,1,8,true,1,hàng,0.8367587327957153,0.008642329834401608,true,true,CORRECT_EMIT
sms-real-090,SOME_UNACCENTED,Don hàng đang chờ xác nhận từ người nhận.,Don,Đơn,0,3,UNACCENTED_VALID,,11,true,1,8,true,1,đơn,0.5883244276046753,0.008614204823970795,false,false,CORRECT_RANK_BUT_GATE_REJECT
sms-real-091,SOME_UNACCENTED,Bạn có the thay doi địa chỉ giao hàng trước khi xuất kho.,the,thể,7,10,UNACCENTED_VALID,,9,true,1,8,true,1,thể,0.9989872574806213,0.000015942612662911415,false,false,CORRECT_RANK_BUT_GATE_REJECT
sms-real-091,SOME_UNACCENTED,Bạn có the thay doi địa chỉ giao hàng trước khi xuất kho.,doi,đổi,16,19,UNACCENTED_VALID,,12,true,2,8,true,2,đổi,0.9907340407371521,0.00009264836990041658,false,false,CORRECT_RANK_BUT_GATE_REJECT
sms-real-092,SOME_UNACCENTED,Kiện hang da roi trung tâm phân loại.,hang,hàng,5,9,UNACCENTED_VALID,,11,true,1,8,true,1,hàng,0.8400765061378479,0.007844328880310059,true,true,CORRECT_EMIT
sms-real-092,SOME_UNACCENTED,Kiện hang da roi trung tâm phân loại.,da,đã,10,12,UNACCENTED_VALID,,11,true,1,8,true,1,đá,0.6448351740837097,0.04932365193963051,false,false,MODEL_WRONG_CANDIDATE
sms-real-092,SOME_UNACCENTED,Kiện hang da roi trung tâm phân loại.,roi,rời,13,16,UNACCENTED_VALID,,11,true,4,8,true,4,rồi,0.6257596015930176,0.006528209894895554,false,false,MODEL_WRONG_CANDIDATE
sms-real-093,SOME_UNACCENTED,Quý khách da đăng ký thành công gói dữ liệu tháng.,da,đã,10,12,UNACCENTED_VALID,,11,true,1,8,true,1,đã,0.9994190335273743,0.00004643121064873412,false,false,CORRECT_RANK_BUT_GATE_REJECT
sms-real-094,SOME_UNACCENTED,Dung lượng còn lại sẽ được bảo luu den cuối chu kỳ.,luu,lưu,31,34,UNACCENTED_VALID,,5,true,1,5,true,1,lưu,0.9563745260238647,0.005223512649536133,true,true,CORRECT_EMIT
sms-real-094,SOME_UNACCENTED,Dung lượng còn lại sẽ được bảo luu den cuối chu kỳ.,den,đến,35,38,UNACCENTED_VALID,,11,true,1,8,true,1,đến,0.7173688411712646,0.01935826614499092,false,false,CORRECT_RANK_BUT_GATE_REJECT
sms-real-095,SOME_UNACCENTED,Vui lòng kiểm tra vùng phủ song truoc khi su dụng.,song,sóng,27,31,UNACCENTED_VALID,,8,true,3,8,true,3,sóng,0.8733362555503845,0.05734167620539665,true,true,CORRECT_EMIT
sms-real-095,SOME_UNACCENTED,Vui lòng kiểm tra vùng phủ song truoc khi su dụng.,truoc,trước,32,37,UNACCENTED_VALID,,4,true,1,4,true,1,trước,0.9815752506256104,0.002033966826274991,true,true,CORRECT_EMIT
sms-real-095,SOME_UNACCENTED,Vui lòng kiểm tra vùng phủ song truoc khi su dụng.,su,sử,42,44,UNACCENTED_VALID,,11,true,2,8,true,2,sử,0.973730206489563,0.00008450878522126004,false,false,CORRECT_RANK_BUT_GATE_REJECT
sms-real-096,SOME_UNACCENTED,Thuê bao cần xác thực thông tin trước ngay quy định.,ngay,ngày,38,42,UNACCENTED_VALID,,7,true,1,7,true,1,ngày,0.9707643985748291,0.02813141606748104,false,false,CORRECT_RANK_BUT_GATE_REJECT
sms-real-097,SOME_UNACCENTED,Hóa đơn nuoc da được cập nhật trên ứng dụng.,nuoc,nước,8,12,UNACCENTED_VALID,,5,true,1,5,true,1,nước,0.8086095452308655,0.023920109495520592,true,true,CORRECT_EMIT
sms-real-097,SOME_UNACCENTED,Hóa đơn nuoc da được cập nhật trên ứng dụng.,da,đã,13,15,UNACCENTED_VALID,,11,true,1,8,true,1,đã,0.5024070143699646,0.10171610862016678,false,false,CORRECT_RANK_BUT_GATE_REJECT
sms-real-098,SOME_UNACCENTED,Vui long thanh toan trước ngày ghi trên hóa don.,long,lòng,4,8,UNACCENTED_VALID,,11,true,1,8,true,1,lòng,0.9941220283508301,0.0023432031739503145,true,true,CORRECT_EMIT
sms-real-098,SOME_UNACCENTED,Vui long thanh toan trước ngày ghi trên hóa don.,toan,toán,15,19,UNACCENTED_VALID,,3,true,2,3,true,2,toán,0.9968374371528625,0.00004172812259639613,true,true,CORRECT_EMIT
sms-real-098,SOME_UNACCENTED,Vui long thanh toan trước ngày ghi trên hóa don.,don.,đơn.,44,48,UNACCENTED_VALID,,11,true,1,8,true,1,đơn,0.5425407290458679,0.014312559738755226,false,false,CORRECT_RANK_BUT_GATE_REJECT
sms-real-099,SOME_UNACCENTED,Ky thuật viên sẽ kiểm tra công tơ vào chiều nay.,Ky,Kỹ,0,2,UNACCENTED_VALID,,5,true,3,5,true,3,kỹ,0.9762235283851624,0.0015030462527647614,true,true,CORRECT_EMIT
sms-real-100,SOME_UNACCENTED,Dịch vụ dien da được khôi phục sau bảo trì.,dien,điện,8,12,UNACCENTED_VALID,,11,true,1,8,true,1,điện,0.9313557147979736,0.0012395895319059491,false,false,CORRECT_RANK_BUT_GATE_REJECT
sms-real-100,SOME_UNACCENTED,Dịch vụ dien da được khôi phục sau bảo trì.,da,đã,13,15,UNACCENTED_VALID,attention-threshold,11,true,1,8,true,1,đã,0.38521668314933777,0.12459209561347961,false,false,CORRECT_RANK_BUT_GATE_REJECT
sms-real-101,SOME_UNACCENTED,Hoc sinh can nop bài trước tám giờ tối.,Hoc,Học,0,3,UNACCENTED_VALID,,4,true,1,4,true,1,học,0.9665993452072144,0.016231467947363853,true,true,CORRECT_EMIT
sms-real-101,SOME_UNACCENTED,Hoc sinh can nop bài trước tám giờ tối.,can,cần,9,12,UNACCENTED_VALID,attention-threshold,11,true,1,8,true,1,cần,0.4628913700580597,0.04236999526619911,false,false,CORRECT_RANK_BUT_GATE_REJECT
sms-real-101,SOME_UNACCENTED,Hoc sinh can nop bài trước tám giờ tối.,nop,nộp,13,16,UNACCENTED_VALID,,4,true,1,4,true,1,nộp,0.5826519727706909,0.06059359759092331,false,false,CORRECT_RANK_BUT_GATE_REJECT
sms-real-102,SOME_UNACCENTED,Giảng viên da cập nhật tài liệu cho buổi học mới.,da,đã,11,13,UNACCENTED_VALID,,11,true,1,8,true,1,đã,0.8894909024238586,0.011283761821687222,false,false,CORRECT_RANK_BUT_GATE_REJECT
sms-real-103,SOME_UNACCENTED,Vui lòng kiểm tra phong thi truoc ngày dự thi.,phong,phòng,18,23,UNACCENTED_VALID,,10,true,1,8,true,1,phòng,0.8920046091079712,0.04388727992773056,false,false,CORRECT_RANK_BUT_GATE_REJECT
sms-real-103,SOME_UNACCENTED,Vui lòng kiểm tra phong thi truoc ngày dự thi.,truoc,trước,28,33,UNACCENTED_VALID,,4,true,1,4,true,1,trước,0.9783307909965515,0.0038737880531698465,true,true,CORRECT_EMIT
sms-real-104,SOME_UNACCENTED,Lịch hẹn moi da duoc cập nhật theo yêu cầu của bạn.,moi,mới,9,12,UNACCENTED_VALID,attention-threshold,11,true,1,8,true,1,mỏi,0.3186951279640198,0.047621697187423706,false,false,MODEL_WRONG_CANDIDATE
sms-real-104,SOME_UNACCENTED,Lịch hẹn moi da duoc cập nhật theo yêu cầu của bạn.,da,đã,13,15,UNACCENTED_VALID,attention-threshold,11,true,1,8,true,1,đá,0.23574915528297424,0.1227622777223587,false,false,MODEL_WRONG_CANDIDATE
sms-real-104,SOME_UNACCENTED,Lịch hẹn moi da duoc cập nhật theo yêu cầu của bạn.,duoc,được,16,20,UNACCENTED_VALID,,8,true,1,8,true,1,được,0.9934443235397339,0.00042906671296805143,true,true,CORRECT_EMIT
sms-real-105,SOME_UNACCENTED,Vui lòng mang theo giấy tờ tùy thân khi đến kham.,kham.,khám.,44,49,UNACCENTED_VALID,,9,true,1,8,true,1,khám,0.9880318641662598,0.0013135519111528993,false,false,CORRECT_RANK_BUT_GATE_REJECT
sms-real-106,SOME_UNACCENTED,Thuốc được su dung sau bữa ăn theo hướng dẫn.,su,sử,11,13,UNACCENTED_VALID,,11,true,2,8,true,2,sử,0.8131633400917053,0.00040687836008146405,false,false,CORRECT_RANK_BUT_GATE_REJECT
sms-real-106,SOME_UNACCENTED,Thuốc được su dung sau bữa ăn theo hướng dẫn.,dung,dụng,14,18,UNACCENTED_VALID,,11,true,1,8,true,1,dùng,0.6009337902069092,0.0783352330327034,true,true,MODEL_WRONG_CANDIDATE
sms-real-107,SOME_UNACCENTED,Chuyến đi của bạn da duoc xac nhận.,da,đã,18,20,UNACCENTED_VALID,,11,true,1,8,true,1,đã,0.875760555267334,0.04295672848820686,false,false,CORRECT_RANK_BUT_GATE_REJECT
sms-real-107,SOME_UNACCENTED,Chuyến đi của bạn da duoc xac nhận.,duoc,được,21,25,UNACCENTED_VALID,,8,true,1,8,true,1,được,0.6712691187858582,0.020858729258179665,true,true,CORRECT_EMIT
sms-real-107,SOME_UNACCENTED,Chuyến đi của bạn da duoc xac nhận.,xac,xác,26,29,UNACCENTED_VALID,,4,true,1,4,true,1,xác,0.8607583045959473,0.0218990258872509,true,true,CORRECT_EMIT
sms-real-108,SOME_UNACCENTED,Vui lòng kiểm tra cửa ra máy bay trên bang thông tin.,bang,bảng,38,42,UNACCENTED_VALID,,11,true,2,8,true,2,bảng,0.8449123501777649,0.0027274112217128277,false,false,CORRECT_RANK_BUT_GATE_REJECT
sms-real-109,SOME_UNACCENTED,Khách sạn da giu phòng theo yêu cầu của bạn.,da,đã,10,12,UNACCENTED_VALID,attention-threshold,11,true,1,8,true,1,đa,0.25205665826797485,0.09308815747499466,false,false,MODEL_WRONG_CANDIDATE
sms-real-109,SOME_UNACCENTED,Khách sạn da giu phòng theo yêu cầu của bạn.,giu,giữ,13,16,UNACCENTED_VALID,,3,true,1,3,true,1,giữ,0.9368427395820618,0.015628304332494736,false,false,CORRECT_RANK_BUT_GATE_REJECT
sms-real-110,SOME_UNACCENTED,Xe trung chuyển sẽ don khach tai sảnh chính.,don,đón,19,22,UNACCENTED_VALID,attention-threshold,11,true,2,8,true,2,đón,0.31222644448280334,0.013863172382116318,false,false,CORRECT_RANK_BUT_GATE_REJECT
sms-real-110,SOME_UNACCENTED,Xe trung chuyển sẽ don khach tai sảnh chính.,khach,khách,23,28,UNACCENTED_VALID,,1,true,1,1,true,1,khách,0.9281419515609741,0.07185806334018707,false,false,CORRECT_RANK_BUT_GATE_REJECT
sms-real-110,SOME_UNACCENTED,Xe trung chuyển sẽ don khach tai sảnh chính.,tai,tại,29,32,UNACCENTED_VALID,,6,true,1,6,true,1,tại,0.5239832401275635,0.04504041746258736,true,true,CORRECT_EMIT
sms-real-111,WRONG_DIACRITIC,Vui lòng kỳ hợp đồng trước ngày hết hạn.,kỳ,ký,9,11,DICTIONARY,,60,true,1,8,true,1,ký,0.874969482421875,0.03832404315471649,true,true,CORRECT_EMIT
sms-real-112,WRONG_DIACRITIC,Bạn nên nghĩ ngơi nếu vẫn còn mệt.,nghĩ,nghỉ,8,12,DICTIONARY,,43,true,3,8,true,2,nghỉ,0.9517644047737122,0.02120097354054451,false,false,CORRECT_RANK_BUT_GATE_REJECT
sms-real-113,WRONG_DIACRITIC,Tôi nghỉ giao dịch này cần được kiểm tra lại.,nghỉ,nghĩ,4,8,DICTIONARY,attention-threshold,43,true,3,8,true,3,nghị,0.4127475619316101,0.060278721153736115,false,false,MODEL_WRONG_CANDIDATE
sms-real-114,WRONG_DIACRITIC,Má xác nhận đã được gửi đến điện thoại của bạn.,Má,Mã,0,2,DICTIONARY,attention-threshold,86,true,3,8,true,2,mã,0.3851998448371887,0.019053185358643532,false,false,CORRECT_RANK_BUT_GATE_REJECT
sms-real-115,WRONG_DIACRITIC,Cửa hàng đang bàn sản phẩm mới với giá ưu đãi.,bàn,bán,14,17,DICTIONARY,,85,true,3,8,true,3,bán,0.9265482425689697,0.007169787771999836,false,false,CORRECT_RANK_BUT_GATE_REJECT
sms-real-116,WRONG_DIACRITIC,Chiếc bán đã được giao đến địa chỉ đăng ký.,bán,bàn,6,9,DICTIONARY,,85,true,3,8,true,3,bàn,0.6870325207710266,0.010662776418030262,true,true,CORRECT_EMIT
sms-real-117,WRONG_DIACRITIC,Đây là sản phẩm chính hàng được bảo hành một năm.,hàng,hãng,22,26,DICTIONARY,,91,true,1,8,true,1,hãng,0.913925290107727,0.025911176577210426,true,true,CORRECT_EMIT
sms-real-118,WRONG_DIACRITIC,Đơn hãng của bạn đã rời kho trung chuyển.,hãng,hàng,4,8,DICTIONARY,,91,true,1,8,true,1,hàng,0.98575758934021,0.00014509166067000479,true,true,CORRECT_EMIT
sms-real-119,WRONG_DIACRITIC,Vui lòng sữa thông tin trước khi gửi yêu cầu.,sữa,sửa,9,12,DICTIONARY,,82,true,1,8,true,1,của,0.7648057341575623,0.0022450482938438654,false,false,MODEL_WRONG_CANDIDATE
sms-real-120,WRONG_DIACRITIC,Sửa tươi đã được bổ sung vào giỏ hàng của bạn.,Sửa,Sữa,0,3,DICTIONARY,,82,true,1,8,true,1,sữa,0.9304779767990112,0.002099329372867942,false,false,CORRECT_RANK_BUT_GATE_REJECT
sms-real-121,WRONG_DIACRITIC,Phỉ duy trì tài khoản sẽ được thu vào cuối tháng.,Phỉ,Phí,0,3,DICTIONARY,,64,true,1,8,true,1,phí,0.7976946234703064,0.0021361340768635273,false,false,CORRECT_RANK_BUT_GATE_REJECT
sms-real-122,WRONG_DIACRITIC,Gối cước mới sẽ có hiệu lực từ ngày mai.,Gối,Gói,0,3,DICTIONARY,,90,true,2,8,true,2,gói,0.8196154236793518,0.009052236564457417,false,false,CORRECT_RANK_BUT_GATE_REJECT
sms-real-123,WRONG_DIACRITIC,Khách vui lòng dỗi mật khẩu sau lần đăng nhập đầu tiên.,dỗi,đổi,15,18,DICTIONARY,,85,true,2,8,true,2,đổi,0.9167068004608154,0.00037485884968191385,false,false,CORRECT_RANK_BUT_GATE_REJECT
sms-real-124,WRONG_DIACRITIC,Vẽ của bạn đã được đổi sang chuyến chiều.,Vẽ,Vé,0,2,DICTIONARY,,81,true,4,8,true,7,vé,0.7197989821434021,0.006893554702401161,false,false,CORRECT_RANK_BUT_GATE_REJECT
sms-real-125,WRONG_DIACRITIC,Hãy lựu mã giao dịch để đối chiếu khi cần.,lựu,lưu,4,7,DICTIONARY,attention-threshold,74,true,1,8,true,1,lưu,0.3795546889305115,0.0278319101780653,false,false,CORRECT_RANK_BUT_GATE_REJECT
sms-real-126,WRONG_DIACRITIC,Cuộc gỏi này có thể được ghi âm để kiểm tra chất lượng.,gỏi,gọi,5,8,DICTIONARY,,90,true,1,8,true,1,gọi,0.8137422800064087,0.001040031434968114,false,false,CORRECT_RANK_BUT_GATE_REJECT
sms-real-127,WRONG_DIACRITIC,Số dừ khả dụng đã được cập nhật sau giao dịch.,dừ,dư,3,5,DICTIONARY,,81,true,5,8,true,7,đủ,0.5433149933815002,0.001713317702524364,false,false,MODEL_WRONG_CANDIDATE
sms-real-128,WRONG_DIACRITIC,Địa chị nhận hàng đã được thay đổi theo yêu cầu.,chị,chỉ,4,7,DICTIONARY,,75,true,1,8,true,1,chỉ,0.9742894768714905,0.0005399993970058858,true,true,CORRECT_EMIT
sms-real-129,WRONG_DIACRITIC,Thể của bạn đang tạm khóa vì nhập sai mật khẩu.,Thể,Thẻ,0,3,DICTIONARY,attention-kept-original,81,true,3,8,true,3,thể,0.3433132469654083,0.3433132469654083,false,false,MODEL_KEEP_ERROR
sms-real-130,WRONG_DIACRITIC,Điểm thường sẽ được cộng sau khi đơn hàng hoàn tất.,thường,thưởng,5,11,DICTIONARY,attention-threshold,51,true,2,8,true,2,thông,0.3396803140640259,0.06658796221017838,false,false,MODEL_WRONG_CANDIDATE
sms-real-131,WRONG_DIACRITIC,Thời hán thanh toán hóa đơn là mười ngày.,hán,hạn,5,8,DICTIONARY,,85,true,1,8,true,1,hạn,0.9768982529640198,0.0005696288426406682,false,false,CORRECT_RANK_BUT_GATE_REJECT
sms-real-132,WRONG_DIACRITIC,Giả bán đã bao gồm thuế giá trị gia tăng.,Giả,Giá,0,3,DICTIONARY,attention-threshold,76,true,2,8,true,2,giá,0.4117802679538727,0.04141606390476227,false,false,CORRECT_RANK_BUT_GATE_REJECT
sms-real-133,WRONG_DIACRITIC,Mức lại suất mới áp dụng cho kỳ hạn sáu tháng.,lại,lãi,4,7,DICTIONARY,,82,true,2,8,true,1,lãi,0.9966488480567932,0.00045504228910431266,false,false,CORRECT_RANK_BUT_GATE_REJECT
sms-real-134,WRONG_DIACRITIC,Ký thanh toán tiếp theo bắt đầu vào ngày đầu tháng.,Ký,Kỳ,0,2,DICTIONARY,attention-threshold,60,true,1,8,true,1,kê,0.469159871339798,0.17036603391170502,false,false,MODEL_WRONG_CANDIDATE
sms-real-135,WRONG_DIACRITIC,Tổng tiên cần thanh toán là bốn trăm nghìn đồng.,tiên,tiền,5,9,DICTIONARY,attention-threshold,79,true,1,8,true,1,tiến,0.4296260178089142,0.011163117364048958,false,false,MODEL_WRONG_CANDIDATE
sms-real-136,TYPO_TELEX,Khcáh hàng đã xác nhận nhận sản phẩm.,Khcáh,Khách,0,5,UNKNOWN,,2,true,1,2,true,1,khách,0.9989787936210632,0.0005104925949126482,true,true,CORRECT_EMIT
sms-real-137,TYPO_TELEX,Đơn hangf đang được giao trong hôm nay.,hangf,hàng,4,9,UNKNOWN,,80,true,1,8,true,1,hàng,0.8210128545761108,0.0010775432456284761,true,true,CORRECT_EMIT
sms-real-138,TYPO_TELEX,Giao dịch đã hoàn thafnh thành công.,thafnh,thành,18,24,UNKNOWN,,55,true,1,8,true,1,thành,0.9862149357795715,0.00004007573807029985,true,true,CORRECT_EMIT
sms-real-139,TYPO_TELEX,Yêu cầu đã duowcj tiếp nhận.,duowcj,được,11,17,UNKNOWN,,54,true,1,8,true,1,được,0.997603714466095,0.000006029895757819759,true,true,CORRECT_EMIT
sms-real-140,TYPO_TELEX,Mã xác nhận có hiệu lực trong năm phuts.,phuts.,phút.,34,40,UNKNOWN,,50,true,1,8,true,1,phát,0.6532827615737915,0.00292605790309608,true,true,MODEL_WRONG_CANDIDATE
sms-real-141,TYPO_TELEX,Hóa đơn đến hạn vào ngayf mai.,ngayf,ngày,20,25,UNKNOWN,,57,true,1,8,true,1,ngày,0.9968386292457581,0.000006199325980560388,true,true,CORRECT_EMIT
sms-real-142,TYPO_TELEX,camr ơn bạn đã gửi phản hồi.,camr,Cảm,0,4,UNKNOWN,,74,true,1,8,true,1,cảm,0.9689235091209412,0.002554432488977909,true,true,CORRECT_EMIT
sms-real-143,TYPO_TELEX,Thuee bao đã được kích hoạt.,Thuee,Thuê,0,5,UNKNOWN,attention-threshold,53,true,2,8,true,4,thuê,0.47276100516319275,0.003746899077668786,false,false,CORRECT_RANK_BUT_GATE_REJECT
sms-real-144,TYPO_TELEX,Sản phẩmm đang có chương trình ưu đãi.,phẩmm,phẩm,4,9,UNKNOWN,,6,true,2,6,true,2,phẩm,0.9954259395599365,0.0001075852123904042,true,true,CORRECT_EMIT
sms-real-145,TYPO_TELEX,Kiẹn hàng đang ở trung tâm phân loại.,Kiẹn,Kiện,0,4,UNKNOWN,attention-threshold,75,true,70,8,true,2,viên,0.3139552175998688,0.014202175661921501,false,false,MODEL_WRONG_CANDIDATE
sms-real-146,TYPO_TELEX,Tài khoanr đã được xác thực thành công.,khoanr,khoản,4,10,UNKNOWN,attention-threshold,45,true,1,8,true,2,khoa,0.3989357650279999,0.0017593293450772762,false,false,MODEL_WRONG_CANDIDATE
sms-real-147,TYPO_TELEX,Lịhc thi đã được cập nhật trên hệ thống.,Lịhc,Lịch,0,4,UNKNOWN,,7,true,1,7,true,1,lịch,0.8656614422798157,0.019632458686828613,true,true,CORRECT_EMIT
sms-real-148,TYPO_TELEX,Bác six đã xác nhận lịch hẹn.,six,sĩ,4,7,DICTIONARY,,68,true,1,8,true,1,sĩ,0.6413661241531372,0.000030964030884206295,false,false,CORRECT_RANK_BUT_GATE_REJECT
sms-real-149,TYPO_TELEX,Chuyens bay dự kiến cất cánh đúng giờ.,Chuyens,Chuyến,0,7,UNKNOWN,attention-threshold,19,false,,8,false,,chuyên,0.4227057993412018,0.04879704862833023,false,false,CANDIDATE_MISS
sms-real-150,TYPO_TELEX,Vui lòng kiểm tra kích thuowsc sản phẩm.,thuowsc,thước,23,30,UNKNOWN,,38,true,3,8,true,7,thức,0.56650310754776,0.0024959382135421038,true,false,MODEL_WRONG_CANDIDATE
sms-real-151,TYPO_TELEX,Dung luowngj tốc độ cao đã hết.,luowngj,lượng,5,12,UNKNOWN,,66,true,1,8,true,1,lượng,0.9762828350067139,0.00008226501086028293,true,true,CORRECT_EMIT
sms-real-152,TYPO_TELEX,Ddia chỉ giao hàng đã được cập nhật.,Ddia,Địa,0,4,UNKNOWN,attention-threshold,65,true,1,8,true,3,gia,0.3536636233329773,0.004459661431610584,false,false,MODEL_WRONG_CANDIDATE
sms-real-153,TYPO_TELEX,Vui lòng nhập dduwngs mật khẩu.,dduwngs,đúng,14,21,UNKNOWN,attention-threshold,72,false,,8,false,,động,0.4606832265853882,0.0044408515095710754,false,false,CANDIDATE_MISS
sms-real-154,TYPO_TELEX,Chương trình khuyens mãi kết thúc hôm nay.,khuyens,khuyến,13,20,UNKNOWN,,16,true,1,8,true,1,khuyến,0.9794992804527283,0.00008214178524212912,true,true,CORRECT_EMIT
sms-real-155,TYPO_TELEX,Sinh vieen cần hoàn thành bài tập.,vieen,viên,5,10,UNKNOWN,,62,true,1,8,true,1,viên,0.9484805464744568,0.00007187318988144398,true,true,CORRECT_EMIT
sms-real-156,TYPO_TELEX,Kết quả xét nghieemj đã có trên ứng dụng.,nghieemj,nghiệm,12,20,UNKNOWN,,53,true,1,8,true,1,nghiệm,0.9894835352897644,0.000009538860467728227,true,true,CORRECT_EMIT
sms-real-157,TYPO_TELEX,Hành khachs vui lòng đến cửa khởi hành.,khachs,khách,5,11,UNKNOWN,,23,true,1,8,true,1,khách,0.984347403049469,0.00026383367367088795,true,true,CORRECT_EMIT
sms-real-158,TYPO_TELEX,Yêu cầu của bạn đang được xuwr lý.,xuwr,xử,26,30,UNKNOWN,,74,true,1,8,true,3,xử,0.9762042164802551,0.00002493684041837696,true,true,CORRECT_EMIT
sms-real-159,TYPO_TELEX,Ddienj sẽ được cấp lại sau khi bảo trì.,Ddienj,Điện,0,6,UNKNOWN,,71,true,1,8,true,3,viên,0.589923620223999,0.00350393820554018,true,true,MODEL_WRONG_CANDIDATE
sms-real-160,TYPO_TELEX,Cửa hàng đang chẩun bị đơn mới.,chẩun,chuẩn,14,19,UNKNOWN,,17,true,1,8,true,2,chuẩn,0.9985411763191223,0.00002669902278285008,true,true,CORRECT_EMIT
sms-real-161,PROTECTED_ENTITY,Mã OTP 482931 có hieu lực trong năm phút.,hieu,hiệu,17,21,UNACCENTED_VALID,,8,true,1,8,true,1,hiệu,0.9997115731239319,0.000005497327492776094,false,false,CORRECT_RANK_BUT_GATE_REJECT
sms-real-162,PROTECTED_ENTITY,Vui lòng truy cap https://secure.example.vn để xác nhận giao dịch.,cap,cập,14,17,UNACCENTED_VALID,,8,true,2,8,true,2,cập,0.8348034620285034,0.013093815185129642,false,false,CORRECT_RANK_BUT_GATE_REJECT
sms-real-163,PROTECTED_ENTITY,Đơn DH-839201 đã duoc tiếp nhận tại kho.,duoc,được,17,21,UNACCENTED_VALID,,8,true,1,8,true,1,được,0.9995546936988831,0.000006223679520189762,true,true,CORRECT_EMIT
sms-real-164,PROTECTED_ENTITY,Thanh toán 1.250.000đ truoc 18 giờ để giữ đơn.,truoc,trước,22,27,UNACCENTED_VALID,,4,true,1,4,true,1,trước,0.9822356700897217,0.0033389083109796047,true,true,CORRECT_EMIT
sms-real-165,PROTECTED_ENTITY,Vui lòng lien hệ 1900-1234 nếu cần hỗ trợ.,lien,liên,9,13,UNACCENTED_VALID,,5,true,1,5,true,1,liên,0.9993001818656921,0.00004764630284626037,true,true,CORRECT_EMIT
sms-real-166,PROTECTED_ENTITY,Mã giao dịch FT260906001 đã duoc ghi nhận.,duoc,được,28,32,UNACCENTED_VALID,,8,true,1,8,true,1,được,0.9997695684432983,0.00000519790864927927,true,true,CORRECT_EMIT
sms-real-167,PROTECTED_ENTITY,Vé VN123 khởi hành lúc 14:30 đã duoc xác nhận.,duoc,được,32,36,UNACCENTED_VALID,,8,true,1,8,true,1,được,0.999756395816803,0.0000047493963393208105,true,true,CORRECT_EMIT
sms-real-168,PROTECTED_ENTITY,Hoa đơn EVN-090612 trị giá 845.000đ đã đến hạn.,Hoa,Hóa,0,3,UNACCENTED_VALID,,8,true,1,8,true,1,hóa,0.6743211150169373,0.04538261517882347,false,false,CORRECT_RANK_BUT_GATE_REJECT
sms-real-169,PROTECTED_ENTITY,Dùng mã SALE20 tại https://shop.example.vn truoc tối nay.,truoc,trước,43,48,UNACCENTED_VALID,,4,true,1,4,true,1,trước,0.985151469707489,0.002922380343079567,true,true,CORRECT_EMIT
sms-real-170,PROTECTED_ENTITY,Mã vận đơn GHN8842201 đang duoc phân loại.,duoc,được,27,31,UNACCENTED_VALID,,8,true,1,8,true,1,được,0.9987098574638367,0.00008224415796576068,true,true,CORRECT_EMIT
sms-real-171,PROTECTED_ENTITY,Soạn DATA gửi 999 để dang ký gói mới.,dang,đăng,21,25,UNACCENTED_VALID,,12,true,3,8,true,3,đăng,0.996667742729187,0.00001560878627060447,false,false,CORRECT_RANK_BUT_GATE_REJECT
sms-real-172,PROTECTED_ENTITY,Chuyển 500.000đ den tài khoản 0123456789 đã hoàn tất.,den,đến,16,19,UNACCENTED_VALID,,11,true,1,8,true,1,đến,0.9461459517478943,0.0035324583295732737,false,false,CORRECT_RANK_BUT_GATE_REJECT
sms-real-173,PROTECTED_ENTITY,Mã lịch hẹn PK-20260906-18 đã duoc xác nhận.,duoc,được,30,34,UNACCENTED_VALID,,8,true,1,8,true,1,được,0.9997473359107971,0.000004848044682148611,true,true,CORRECT_EMIT
sms-real-174,PROTECTED_ENTITY,Mã lớp CS101 bắt dau học lúc 08:00 sáng mai.,dau,đầu,17,20,UNACCENTED_VALID,,12,true,1,8,true,1,đầu,0.9917551875114441,0.00008016348874662071,false,false,CORRECT_RANK_BUT_GATE_REJECT
sms-real-175,PROTECTED_ENTITY,Phòng đặt chỗ BK-77410 duoc giữ đến 18:00 hôm nay.,duoc,được,23,27,UNACCENTED_VALID,,8,true,1,8,true,1,được,0.8247879147529602,0.015313372947275639,true,true,CORRECT_EMIT
sms-real-176,PROTECTED_ENTITY,Đơn #A29018 trị gia 399.000đ đã giao thành công.,gia,giá,16,19,UNACCENTED_VALID,,6,true,1,6,true,1,giá,0.8623557686805725,0.13364969193935394,true,true,CORRECT_EMIT
sms-real-177,PROTECTED_ENTITY,Gửi ảnh lỗi đến support@example.vn để duoc hỗ trợ.,duoc,được,38,42,UNACCENTED_VALID,,8,true,1,8,true,1,được,0.9987438321113586,0.000030209146643755957,true,true,CORRECT_EMIT
sms-real-178,PROTECTED_ENTITY,Không cung cap PIN 7462 cho bất kỳ người nào.,cap,cấp,11,14,UNACCENTED_VALID,,8,true,1,8,true,1,cấp,0.9921894669532776,0.0007972680032253265,false,false,CORRECT_RANK_BUT_GATE_REJECT
sms-real-179,PROTECTED_ENTITY,Tài xế biển số 30H-123.45 sẽ den trong mười phút.,den,đến,29,32,UNACCENTED_VALID,,11,true,1,8,true,1,đến,0.8122764825820923,0.0016784401377663016,false,false,CORRECT_RANK_BUT_GATE_REJECT
sms-real-180,PROTECTED_ENTITY,Thanh toán qua QR EVNQRPAY truoc ngày 20/09.,truoc,trước,27,32,UNACCENTED_VALID,,4,true,1,4,true,1,trước,0.9332306981086731,0.012101675383746624,true,true,CORRECT_EMIT
sms-real-181,CODE_SWITCH,Flash Sale hom nay giảm 20% cho toàn bộ sản phẩm.,hom,hôm,11,14,UNACCENTED_VALID,,10,true,1,8,true,1,hôm,0.9827406406402588,0.002467899117618799,false,false,CORRECT_RANK_BUT_GATE_REJECT
sms-real-182,CODE_SWITCH,Your order đã duoc giao cho đơn vị vận chuyển.,duoc,được,14,18,UNACCENTED_VALID,,8,true,1,8,true,1,được,0.9997021555900574,0.000011603845450736117,true,true,CORRECT_EMIT
sms-real-183,CODE_SWITCH,Ticket của bạn đã duoc assigned cho bộ phận kỹ thuật.,duoc,được,18,22,UNACCENTED_VALID,,8,true,1,8,true,1,được,0.9741660356521606,0.0010199311655014753,true,true,CORRECT_EMIT
sms-real-184,CODE_SWITCH,Mobile Banking đang bảo trì trong it phút.,it,ít,34,36,UNACCENTED_VALID,,1,true,1,1,true,1,ít,0.9944433569908142,0.005556618329137564,true,true,CORRECT_EMIT
sms-real-185,CODE_SWITCH,Online check-in đã duoc mở cho chuyến bay của bạn.,duoc,được,19,23,UNACCENTED_VALID,,8,true,1,8,true,1,được,0.9991801381111145,0.000030118259019218385,true,true,CORRECT_EMIT
sms-real-186,CODE_SWITCH,Voucher mới chi áp dụng cho first order trong hôm nay.,chi,chỉ,12,15,UNACCENTED_VALID,,4,true,1,4,true,1,chỉ,0.9859552383422852,0.006503256503492594,true,true,CORRECT_EMIT
sms-real-187,CODE_SWITCH,Data roaming đã duoc kích hoạt cho thuê bao.,duoc,được,16,20,UNACCENTED_VALID,,8,true,1,8,true,1,được,0.9995045065879822,0.00001838134994613938,true,true,CORRECT_EMIT
sms-real-188,CODE_SWITCH,Deadline nộp assignment duoc gia hạn đến tối mai.,duoc,được,24,28,UNACCENTED_VALID,,8,true,1,8,true,1,được,0.8918651938438416,0.0066135236993432045,true,true,CORRECT_EMIT
sms-real-189,CODE_SWITCH,Kết quả health check đã duoc cập nhật trên app.,duoc,được,24,28,UNACCENTED_VALID,,8,true,1,8,true,1,được,0.9997672438621521,0.000008729142791708,true,true,CORRECT_EMIT
sms-real-190,CODE_SWITCH,"Live chat hien đang bận, vui lòng thử lại sau.",hien,hiện,10,14,UNACCENTED_VALID,,6,true,1,6,true,1,hiện,0.6367924213409424,0.01187897752970457,false,false,CORRECT_RANK_BUT_GATE_REJECT
sms-real-191,ADVERSARIAL_MINIMAL_PAIR,Vui lòng xác nhận ban đã nhận được mã mới.,ban,bạn,18,21,UNACCENTED_VALID,,11,true,4,8,true,4,bản,0.5210616588592529,0.09882664680480957,true,false,MODEL_WRONG_CANDIDATE
sms-real-192,ADVERSARIAL_MINIMAL_PAIR,Cửa hàng đang ban sản phẩm mới trong hôm nay.,ban,bán,14,17,UNACCENTED_VALID,,11,true,2,8,true,2,bán,0.9530193209648132,0.004967319313436747,false,false,CORRECT_RANK_BUT_GATE_REJECT
sms-real-193,ADVERSARIAL_MINIMAL_PAIR,Chiếc ban sẽ được giao vào chiều mai.,ban,bàn,6,9,UNACCENTED_VALID,attention-threshold,11,true,3,8,true,3,bạn,0.39581090211868286,0.01779327541589737,false,false,MODEL_WRONG_CANDIDATE
sms-real-194,ADVERSARIAL_MINIMAL_PAIR,Tôi nghi yêu cầu này cần được kiểm tra lại.,nghi,nghĩ,4,8,UNACCENTED_VALID,,4,true,3,4,true,3,nghị,0.5860021710395813,0.008678189478814602,true,true,MODEL_WRONG_CANDIDATE
sms-real-195,ADVERSARIAL_MINIMAL_PAIR,Bạn nên nghi ngơi sau khi uống thuốc.,nghi,nghỉ,8,12,UNACCENTED_VALID,,4,true,2,4,true,2,nghỉ,0.9843400120735168,0.0008602034649811685,false,false,CORRECT_RANK_BUT_GATE_REJECT
sms-real-196,ADVERSARIAL_MINIMAL_PAIR,Ma này chỉ dùng một lần để xác thực.,Ma,Mã,0,2,UNACCENTED_VALID,attention-threshold,6,true,2,6,true,2,mã,0.37020665407180786,0.11805247515439987,false,false,CORRECT_RANK_BUT_GATE_REJECT
sms-real-197,ADVERSARIAL_MINIMAL_PAIR,Ma bạn chưa xác nhận đơn hàng hôm nay.,Ma,Mà,0,2,UNACCENTED_VALID,,6,true,1,6,true,1,mà,0.8707811236381531,0.0087807672098279,false,false,CORRECT_RANK_BUT_GATE_REJECT
sms-real-198,ADVERSARIAL_MINIMAL_PAIR,Đơn hang đã đến điểm nhận gần nhất.,hang,hàng,4,8,UNACCENTED_VALID,,11,true,1,8,true,1,hàng,0.9947385787963867,0.0001657295215409249,true,true,CORRECT_EMIT
sms-real-199,ADVERSARIAL_MINIMAL_PAIR,Sản phẩm này thuộc hang phân phối chính thức.,hang,hãng,19,23,UNACCENTED_VALID,,11,true,2,8,true,2,hàng,0.7513549327850342,0.0014959739055484533,true,true,MODEL_WRONG_CANDIDATE
sms-real-200,ADVERSARIAL_MINIMAL_PAIR,Vui lòng ky tên trước khi gửi biểu mẫu.,ky,ký,9,11,UNACCENTED_VALID,,5,true,2,5,true,2,ký,0.5880705118179321,0.030230438336730003,false,false,CORRECT_RANK_BUT_GATE_REJECT
